"pid","training","shj","trial","finish1","finish2","finish3","start1","start2","start3","startcat","finishcat","accuracy","switch_count","start","finish"
4233,"classify",2,1,0,1,1,0,0,1,"Lape","Tannet",1,1,2,4
4233,"classify",2,2,0,0,0,1,0,0,"Tannet","Lape",1,1,5,1
4233,"classify",2,3,0,0,1,1,0,1,"Tannet","Lape",1,1,6,2
4233,"classify",2,4,1,0,0,1,1,0,"Lape","Tannet",1,1,7,5
4233,"classify",2,5,0,1,0,0,0,0,"Lape","Tannet",1,1,1,3
4233,"classify",2,6,0,1,1,1,1,1,"Lape","Tannet",1,1,8,4
4233,"classify",2,7,0,0,0,0,1,0,"Tannet","Lape",1,1,3,1
4233,"classify",2,8,1,1,1,0,1,1,"Tannet","Lape",1,1,4,8
4242,"classify",2,1,0,1,0,1,1,0,"Lape","Tannet",1,1,7,3
4242,"classify",2,2,1,0,1,0,1,1,"Tannet","Tannet",0,2,4,6
4242,"classify",2,3,0,0,1,1,0,1,"Tannet","Lape",1,1,6,2
4242,"classify",2,4,0,1,0,0,0,0,"Lape","Tannet",1,1,1,3
4242,"classify",2,5,0,0,0,1,0,0,"Tannet","Lape",1,1,5,1
4242,"classify",2,6,1,1,0,0,1,0,"Tannet","Lape",1,1,3,7
4242,"classify",2,7,0,1,1,1,1,1,"Lape","Tannet",1,1,8,4
4242,"classify",2,8,0,1,1,0,0,1,"Lape","Tannet",1,1,2,4
4264,"classify",2,1,1,1,1,1,0,1,"Tannet","Lape",1,1,6,8
4264,"classify",2,2,0,0,0,0,1,0,"Tannet","Lape",1,1,3,1
4264,"classify",2,3,0,1,0,1,1,0,"Lape","Tannet",1,1,7,3
4264,"classify",2,4,1,1,0,0,0,0,"Lape","Lape",0,2,1,7
4264,"classify",2,5,0,0,1,0,1,1,"Tannet","Lape",1,1,4,2
4264,"classify",2,6,0,1,1,1,1,1,"Lape","Tannet",1,1,8,4
4264,"classify",2,7,0,1,1,0,0,1,"Lape","Tannet",1,1,2,4
4264,"classify",2,8,0,0,0,1,0,0,"Tannet","Lape",1,1,5,1
4313,"classify",2,1,1,0,0,0,0,0,"Lape","Tannet",1,1,1,5
4313,"classify",2,2,0,0,1,0,1,1,"Tannet","Lape",1,1,4,2
4313,"classify",2,3,1,0,1,1,1,1,"Lape","Tannet",1,1,8,6
4313,"classify",2,4,0,0,0,1,0,0,"Tannet","Lape",1,1,5,1
4313,"classify",2,5,0,1,1,0,0,1,"Lape","Tannet",1,1,2,4
4313,"classify",2,6,0,1,0,1,1,0,"Lape","Tannet",1,1,7,3
4313,"classify",2,7,1,1,1,1,0,1,"Tannet","Lape",1,1,6,8
4313,"classify",2,8,1,1,0,0,1,0,"Tannet","Lape",1,1,3,7
4319,"classify",2,1,1,1,0,1,0,0,"Tannet","Lape",1,1,5,7
4319,"classify",2,2,0,1,1,0,0,1,"Lape","Tannet",1,1,2,4
4319,"classify",2,3,1,1,1,0,1,1,"Tannet","Lape",1,1,4,8
4319,"classify",2,4,0,0,0,1,0,1,"Tannet","Lape",1,2,6,1
4319,"classify",2,5,0,0,1,0,1,0,"Tannet","Lape",1,2,3,2
4319,"classify",2,6,1,0,1,0,0,0,"Lape","Tannet",1,2,1,6
4319,"classify",2,7,0,1,0,1,1,0,"Lape","Tannet",1,1,7,3
4319,"classify",2,8,1,0,1,1,1,1,"Lape","Tannet",1,1,8,6
4365,"classify",2,1,1,1,0,1,0,0,"Tannet","Lape",1,1,5,7
4365,"classify",2,2,1,1,1,1,0,1,"Tannet","Lape",1,1,6,8
4365,"classify",2,3,1,0,1,0,0,1,"Lape","Tannet",1,1,2,6
4365,"classify",2,4,0,1,0,1,1,0,"Lape","Tannet",1,1,7,3
4365,"classify",2,5,0,0,0,0,1,0,"Tannet","Lape",1,1,3,1
4365,"classify",2,6,1,0,0,0,0,0,"Lape","Tannet",1,1,1,5
4365,"classify",2,7,0,0,1,0,1,1,"Tannet","Lape",1,1,4,2
4365,"classify",2,8,1,0,1,1,1,1,"Lape","Tannet",1,1,8,6
4380,"classify",2,1,0,1,1,1,1,1,"Lape","Tannet",1,1,8,4
4380,"classify",2,2,0,0,1,1,0,0,"Tannet","Lape",1,2,5,2
4380,"classify",2,3,0,1,1,0,0,0,"Lape","Tannet",1,2,1,4
4380,"classify",2,4,0,1,1,1,1,0,"Lape","Tannet",1,2,7,4
4380,"classify",2,5,1,1,1,1,0,1,"Tannet","Lape",1,1,6,8
4380,"classify",2,6,1,1,0,0,1,0,"Tannet","Lape",1,1,3,7
4380,"classify",2,7,0,1,0,0,0,1,"Lape","Tannet",1,2,2,3
4380,"classify",2,8,1,1,1,0,1,1,"Tannet","Lape",1,1,4,8
4425,"classify",2,1,0,0,1,1,0,1,"Tannet","Lape",1,1,6,2
4425,"classify",2,2,1,1,0,0,1,0,"Tannet","Lape",1,1,3,7
4425,"classify",2,3,0,1,0,0,0,0,"Lape","Tannet",1,1,1,3
4425,"classify",2,4,0,1,1,1,1,1,"Lape","Tannet",1,1,8,4
4425,"classify",2,5,1,1,1,0,1,1,"Tannet","Lape",1,1,4,8
4425,"classify",2,6,0,1,1,0,0,1,"Lape","Tannet",1,1,2,4
4425,"classify",2,7,0,0,0,1,1,0,"Lape","Lape",0,2,7,1
4425,"classify",2,8,1,1,0,1,0,0,"Tannet","Lape",1,1,5,7
4436,"classify",2,1,1,1,0,0,0,1,"Lape","Lape",0,3,2,7
4436,"classify",2,2,1,0,0,1,1,0,"Lape","Tannet",1,1,7,5
4436,"classify",2,3,0,1,0,1,0,0,"Tannet","Tannet",0,2,5,3
4436,"classify",2,4,1,0,0,1,1,1,"Lape","Tannet",1,2,8,5
4436,"classify",2,5,0,0,1,1,0,1,"Tannet","Lape",1,1,6,2
4436,"classify",2,6,1,1,0,0,1,0,"Tannet","Lape",1,1,3,7
4436,"classify",2,7,1,1,1,0,0,0,"Lape","Lape",0,3,1,8
4436,"classify",2,8,1,1,0,0,1,1,"Tannet","Lape",1,2,4,7
4481,"classify",2,1,1,0,0,1,0,1,"Tannet","Tannet",0,1,6,5
4481,"classify",2,2,0,0,0,1,1,0,"Lape","Lape",0,2,7,1
4481,"classify",2,3,0,1,0,1,1,1,"Lape","Tannet",1,2,8,3
4481,"classify",2,4,0,0,1,0,0,0,"Lape","Lape",0,1,1,2
4481,"classify",2,5,0,1,1,0,0,1,"Lape","Tannet",1,1,2,4
4481,"classify",2,6,1,1,1,1,0,0,"Tannet","Lape",1,2,5,8
4481,"classify",2,7,1,1,0,0,1,0,"Tannet","Lape",1,1,3,7
4481,"classify",2,8,1,0,1,0,1,1,"Tannet","Tannet",0,2,4,6
4505,"classify",2,1,1,0,0,1,1,1,"Lape","Tannet",1,2,8,5
4505,"classify",2,2,0,1,1,1,0,0,"Tannet","Tannet",0,3,5,4
4505,"classify",2,3,0,0,0,1,1,0,"Lape","Lape",0,2,7,1
4505,"classify",2,4,0,1,0,1,0,1,"Tannet","Tannet",0,3,6,3
4505,"classify",2,5,1,0,0,0,0,0,"Lape","Tannet",1,1,1,5
4505,"classify",2,6,1,0,0,0,0,1,"Lape","Tannet",1,2,2,5
4505,"classify",2,7,1,1,1,0,1,1,"Tannet","Lape",1,1,4,8
4505,"classify",2,8,1,1,1,0,1,0,"Tannet","Lape",1,2,3,8
4528,"classify",2,1,0,1,1,1,1,0,"Lape","Tannet",1,2,7,4
4528,"classify",2,2,0,0,0,0,1,1,"Tannet","Lape",1,2,4,1
4528,"classify",2,3,1,1,1,1,0,1,"Tannet","Lape",1,1,6,8
4528,"classify",2,4,1,0,1,1,1,1,"Lape","Tannet",1,1,8,6
4528,"classify",2,5,1,1,0,1,0,0,"Tannet","Lape",1,1,5,7
4528,"classify",2,6,1,0,0,0,0,0,"Lape","Tannet",1,1,1,5
4528,"classify",2,7,1,1,0,0,1,0,"Tannet","Lape",1,1,3,7
4528,"classify",2,8,0,1,1,0,0,1,"Lape","Tannet",1,1,2,4
4228,"classify",3,1,1,1,0,1,0,1,"Lape","Tannet",1,2,6,7
4228,"classify",3,2,0,0,0,0,1,1,"Tannet","Lape",1,2,4,1
4228,"classify",3,3,1,0,1,1,1,1,"Tannet","Lape",1,1,8,6
4228,"classify",3,4,1,0,1,1,1,0,"Tannet","Lape",1,2,7,6
4228,"classify",3,5,0,1,0,1,0,0,"Tannet","Lape",1,2,5,3
4228,"classify",3,6,1,1,0,0,0,0,"Lape","Tannet",1,2,1,7
4228,"classify",3,7,1,1,0,0,1,0,"Lape","Tannet",1,1,3,7
4228,"classify",3,8,1,0,0,0,0,1,"Lape","Tannet",1,2,2,5
4247,"classify",3,1,1,0,1,0,0,1,"Lape","Lape",0,1,2,6
4247,"classify",3,2,0,0,1,0,1,1,"Tannet","Lape",1,1,4,2
4247,"classify",3,3,1,1,0,0,1,0,"Lape","Tannet",1,1,3,7
4247,"classify",3,4,1,0,1,1,0,0,"Tannet","Lape",1,1,5,6
4247,"classify",3,5,1,0,1,1,1,1,"Tannet","Lape",1,1,8,6
4247,"classify",3,6,0,1,0,1,1,0,"Tannet","Lape",1,1,7,3
4247,"classify",3,7,0,1,0,0,0,0,"Lape","Lape",0,1,1,3
4247,"classify",3,8,1,1,1,1,0,1,"Lape","Tannet",1,1,6,8
4272,"classify",3,1,0,0,0,1,0,0,"Tannet","Lape",1,1,5,1
4272,"classify",3,2,1,1,1,1,0,1,"Lape","Tannet",1,1,6,8
4272,"classify",3,3,0,0,0,1,1,1,"Tannet","Lape",1,3,8,1
4272,"classify",3,4,1,1,0,0,0,0,"Lape","Tannet",1,2,1,7
4272,"classify",3,5,1,1,0,0,1,0,"Lape","Tannet",1,1,3,7
4272,"classify",3,6,0,0,0,1,1,0,"Tannet","Lape",1,2,7,1
4272,"classify",3,7,1,1,1,0,0,1,"Lape","Tannet",1,2,2,8
4272,"classify",3,8,0,0,1,0,1,1,"Tannet","Lape",1,1,4,2
4308,"classify",3,1,0,1,0,0,1,1,"Tannet","Lape",1,1,4,3
4308,"classify",3,2,0,0,0,1,0,0,"Tannet","Lape",1,1,5,1
4308,"classify",3,3,1,1,1,1,0,1,"Lape","Tannet",1,1,6,8
4308,"classify",3,4,0,1,0,1,1,0,"Tannet","Lape",1,1,7,3
4308,"classify",3,5,1,0,0,0,0,0,"Lape","Tannet",1,1,1,5
4308,"classify",3,6,0,1,0,1,1,1,"Tannet","Lape",1,2,8,3
4308,"classify",3,7,1,0,0,0,0,1,"Lape","Tannet",1,2,2,5
4308,"classify",3,8,1,1,0,0,1,0,"Lape","Tannet",1,1,3,7
4371,"classify",3,1,0,0,1,0,1,1,"Tannet","Lape",1,1,4,2
4371,"classify",3,2,0,1,1,0,1,0,"Lape","Tannet",1,1,3,4
4371,"classify",3,3,1,0,0,0,0,0,"Lape","Tannet",1,1,1,5
4371,"classify",3,4,0,0,0,1,0,0,"Tannet","Lape",1,1,5,1
4371,"classify",3,5,1,1,1,1,0,1,"Lape","Tannet",1,1,6,8
4371,"classify",3,6,1,0,1,1,1,1,"Tannet","Lape",1,1,8,6
4371,"classify",3,7,0,0,0,1,1,0,"Tannet","Lape",1,2,7,1
4371,"classify",3,8,0,1,1,0,0,1,"Lape","Tannet",1,1,2,4
4404,"classify",3,1,1,0,1,0,0,1,"Lape","Lape",0,1,2,6
4404,"classify",3,2,0,1,0,0,1,1,"Tannet","Lape",1,1,4,3
4404,"classify",3,3,1,1,0,0,1,0,"Lape","Tannet",1,1,3,7
4404,"classify",3,4,0,0,1,0,0,0,"Lape","Lape",0,1,1,2
4404,"classify",3,5,1,1,1,1,0,1,"Lape","Tannet",1,1,6,8
4404,"classify",3,6,0,0,0,1,0,0,"Tannet","Lape",1,1,5,1
4404,"classify",3,7,1,1,0,1,1,1,"Tannet","Tannet",0,1,8,7
4404,"classify",3,8,0,1,0,1,1,0,"Tannet","Lape",1,1,7,3
4420,"classify",3,1,1,1,1,1,1,0,"Tannet","Tannet",0,1,7,8
4420,"classify",3,2,0,1,0,1,1,1,"Tannet","Lape",1,2,8,3
4420,"classify",3,3,0,1,0,0,0,0,"Lape","Lape",0,1,1,3
4420,"classify",3,4,1,1,0,0,0,1,"Lape","Tannet",1,3,2,7
4420,"classify",3,5,0,0,0,0,1,0,"Lape","Lape",0,1,3,1
4420,"classify",3,6,0,1,0,1,0,0,"Tannet","Lape",1,2,5,3
4420,"classify",3,7,0,0,0,1,0,1,"Lape","Lape",0,2,6,1
4420,"classify",3,8,1,1,1,0,1,1,"Tannet","Tannet",0,1,4,8
4461,"classify",3,1,1,1,1,0,0,0,"Lape","Tannet",1,3,1,8
4461,"classify",3,2,0,0,0,1,0,0,"Tannet","Lape",1,1,5,1
4461,"classify",3,3,1,1,1,0,0,1,"Lape","Tannet",1,2,2,8
4461,"classify",3,4,0,0,0,1,1,0,"Tannet","Lape",1,2,7,1
4461,"classify",3,5,1,1,1,1,0,1,"Lape","Tannet",1,1,6,8
4461,"classify",3,6,0,0,1,0,1,1,"Tannet","Lape",1,1,4,2
4461,"classify",3,7,1,1,0,0,1,0,"Lape","Tannet",1,1,3,7
4461,"classify",3,8,0,0,1,1,1,1,"Tannet","Lape",1,2,8,2
4469,"classify",3,1,1,1,0,0,0,1,"Lape","Tannet",1,3,2,7
4469,"classify",3,2,1,1,0,0,1,0,"Lape","Tannet",1,1,3,7
4469,"classify",3,3,1,1,0,1,0,1,"Lape","Tannet",1,2,6,7
4469,"classify",3,4,1,1,0,0,0,0,"Lape","Tannet",1,2,1,7
4469,"classify",3,5,0,0,1,1,1,0,"Tannet","Lape",1,3,7,2
4469,"classify",3,6,0,1,1,1,1,1,"Tannet","Tannet",0,1,8,4
4469,"classify",3,7,0,0,1,0,1,1,"Tannet","Lape",1,1,4,2
4469,"classify",3,8,0,0,1,1,0,0,"Tannet","Lape",1,2,5,2
4478,"classify",3,1,0,1,0,1,1,0,"Tannet","Lape",1,1,7,3
4478,"classify",3,2,1,0,0,0,0,0,"Lape","Tannet",1,1,1,5
4478,"classify",3,3,1,0,1,1,0,0,"Tannet","Lape",1,1,5,6
4478,"classify",3,4,1,1,1,1,0,1,"Lape","Tannet",1,1,6,8
4478,"classify",3,5,0,1,1,0,1,0,"Lape","Tannet",1,1,3,4
4478,"classify",3,6,1,0,1,1,1,1,"Tannet","Lape",1,1,8,6
4478,"classify",3,7,0,1,0,0,1,1,"Tannet","Lape",1,1,4,3
4478,"classify",3,8,0,1,1,0,0,1,"Lape","Tannet",1,1,2,4
4509,"classify",3,1,1,0,0,0,0,1,"Lape","Tannet",1,2,2,5
4509,"classify",3,2,0,0,1,1,1,1,"Tannet","Lape",1,2,8,2
4509,"classify",3,3,1,0,0,1,1,0,"Tannet","Tannet",0,1,7,5
4509,"classify",3,4,1,1,0,1,0,1,"Lape","Tannet",1,2,6,7
4509,"classify",3,5,0,0,1,1,0,0,"Tannet","Lape",1,2,5,2
4509,"classify",3,6,0,0,1,0,1,1,"Tannet","Lape",1,1,4,2
4509,"classify",3,7,1,1,0,0,1,0,"Lape","Tannet",1,1,3,7
4509,"classify",3,8,1,0,0,0,0,0,"Lape","Tannet",1,1,1,5
4253,"classify",4,1,0,1,1,1,1,0,"Tannet","Tannet",0,2,7,4
4253,"classify",4,2,1,1,1,0,0,0,"Lape","Tannet",1,3,1,8
4253,"classify",4,3,1,0,1,1,0,0,"Lape","Tannet",1,1,5,6
4253,"classify",4,4,0,0,1,0,1,1,"Tannet","Lape",1,1,4,2
4253,"classify",4,5,0,1,1,1,1,1,"Tannet","Tannet",0,1,8,4
4253,"classify",4,6,0,0,0,0,0,1,"Lape","Lape",0,1,2,1
4253,"classify",4,7,1,1,0,0,1,0,"Lape","Tannet",1,1,3,7
4253,"classify",4,8,0,0,1,1,0,1,"Tannet","Lape",1,1,6,2
4286,"classify",4,1,0,1,1,0,1,0,"Lape","Tannet",1,1,3,4
4286,"classify",4,2,1,0,1,0,0,0,"Lape","Tannet",1,2,1,6
4286,"classify",4,3,1,0,0,1,0,1,"Tannet","Lape",1,1,6,5
4286,"classify",4,4,0,0,1,1,1,1,"Tannet","Lape",1,2,8,2
4286,"classify",4,5,1,1,0,0,0,1,"Lape","Tannet",1,3,2,7
4286,"classify",4,6,0,0,1,1,1,0,"Tannet","Lape",1,3,7,2
4286,"classify",4,7,0,0,1,0,1,1,"Tannet","Lape",1,1,4,2
4286,"classify",4,8,1,1,0,1,0,0,"Lape","Tannet",1,1,5,7
4339,"classify",4,1,1,1,1,1,0,0,"Lape","Tannet",1,2,5,8
4339,"classify",4,2,1,0,0,1,1,0,"Tannet","Lape",1,1,7,5
4339,"classify",4,3,0,0,1,0,0,0,"Lape","Lape",0,1,1,2
4339,"classify",4,4,1,1,1,0,1,0,"Lape","Tannet",1,2,3,8
4339,"classify",4,5,0,1,1,0,0,1,"Lape","Tannet",1,1,2,4
4339,"classify",4,6,0,1,0,0,1,1,"Tannet","Lape",1,1,4,3
4339,"classify",4,7,1,0,0,1,0,1,"Tannet","Lape",1,1,6,5
4339,"classify",4,8,0,1,0,1,1,1,"Tannet","Lape",1,2,8,3
4351,"classify",4,1,0,0,0,0,1,1,"Tannet","Lape",1,2,4,1
4351,"classify",4,2,1,0,0,1,1,0,"Tannet","Lape",1,1,7,5
4351,"classify",4,3,1,1,1,0,0,0,"Lape","Tannet",1,3,1,8
4351,"classify",4,4,1,1,1,0,0,1,"Lape","Tannet",1,2,2,8
4351,"classify",4,5,1,1,1,1,0,0,"Lape","Tannet",1,2,5,8
4351,"classify",4,6,1,0,0,1,0,1,"Tannet","Lape",1,1,6,5
4351,"classify",4,7,1,1,1,0,1,0,"Lape","Tannet",1,2,3,8
4351,"classify",4,8,1,0,0,1,1,1,"Tannet","Lape",1,2,8,5
4442,"classify",4,1,0,1,1,0,0,1,"Lape","Tannet",1,1,2,4
4442,"classify",4,2,1,1,1,1,0,0,"Lape","Tannet",1,2,5,8
4442,"classify",4,3,0,1,1,0,1,0,"Lape","Tannet",1,1,3,4
4442,"classify",4,4,0,0,0,1,0,1,"Tannet","Lape",1,2,6,1
4442,"classify",4,5,0,1,0,1,1,1,"Tannet","Lape",1,2,8,3
4442,"classify",4,6,0,1,0,0,1,1,"Tannet","Lape",1,1,4,3
4442,"classify",4,7,0,1,1,0,0,0,"Lape","Tannet",1,2,1,4
4442,"classify",4,8,0,1,0,1,1,0,"Tannet","Lape",1,1,7,3
4455,"classify",4,1,1,0,1,0,0,0,"Lape","Tannet",1,2,1,6
4455,"classify",4,2,0,1,1,0,0,1,"Lape","Tannet",1,1,2,4
4455,"classify",4,3,0,0,0,0,1,1,"Tannet","Lape",1,2,4,1
4455,"classify",4,4,0,1,1,0,1,0,"Lape","Tannet",1,1,3,4
4455,"classify",4,5,1,0,0,1,1,1,"Tannet","Lape",1,2,8,5
4455,"classify",4,6,1,0,0,1,0,1,"Tannet","Lape",1,1,6,5
4455,"classify",4,7,1,0,0,1,1,0,"Tannet","Lape",1,1,7,5
4455,"classify",4,8,1,1,1,1,0,0,"Lape","Tannet",1,2,5,8
4498,"classify",4,1,0,0,0,0,0,1,"Lape","Lape",0,1,2,1
4498,"classify",4,2,0,1,1,0,0,0,"Lape","Tannet",1,2,1,4
4498,"classify",4,3,0,0,0,1,0,1,"Tannet","Lape",1,2,6,1
4498,"classify",4,4,0,0,0,0,1,1,"Tannet","Lape",1,2,4,1
4498,"classify",4,5,0,0,0,1,1,1,"Tannet","Lape",1,3,8,1
4498,"classify",4,6,1,1,1,1,0,0,"Lape","Tannet",1,2,5,8
4498,"classify",4,7,0,0,0,1,1,0,"Tannet","Lape",1,2,7,1
4498,"classify",4,8,0,1,1,0,1,0,"Lape","Tannet",1,1,3,4
4226,"switch",2,1,0,1,1,0,0,0,"Lape","Tannet",1,2,1,4
4226,"switch",2,2,0,1,1,1,1,0,"Lape","Tannet",1,2,7,4
4226,"switch",2,3,1,1,0,0,1,0,"Tannet","Lape",1,1,3,7
4226,"switch",2,4,1,1,0,1,0,0,"Tannet","Lape",1,1,5,7
4226,"switch",2,5,0,1,1,0,0,1,"Lape","Tannet",1,1,2,4
4226,"switch",2,6,1,1,0,0,1,1,"Tannet","Lape",1,2,4,7
4226,"switch",2,7,1,1,0,1,0,1,"Tannet","Lape",1,2,6,7
4226,"switch",2,8,0,1,1,1,1,1,"Lape","Tannet",1,1,8,4
4236,"switch",2,1,1,0,0,0,0,0,"Lape","Tannet",1,1,1,5
4236,"switch",2,2,0,1,1,1,1,1,"Lape","Tannet",1,1,8,4
4236,"switch",2,3,1,0,1,0,0,1,"Lape","Tannet",1,1,2,6
4236,"switch",2,4,0,0,0,0,1,0,"Tannet","Lape",1,1,3,1
4236,"switch",2,5,1,1,0,1,0,0,"Tannet","Lape",1,1,5,7
4236,"switch",2,6,1,1,1,1,0,1,"Tannet","Lape",1,1,6,8
4236,"switch",2,7,0,1,0,1,1,0,"Lape","Tannet",1,1,7,3
4236,"switch",2,8,0,0,1,0,1,1,"Tannet","Lape",1,1,4,2
4256,"switch",2,1,0,1,0,1,1,0,"Lape","Tannet",1,1,7,3
4256,"switch",2,2,1,1,1,1,0,1,"Tannet","Lape",1,1,6,8
4256,"switch",2,3,1,1,1,0,1,1,"Tannet","Lape",1,1,4,8
4256,"switch",2,4,1,1,0,1,0,0,"Tannet","Lape",1,1,5,7
4256,"switch",2,5,0,1,1,1,1,1,"Lape","Tannet",1,1,8,4
4256,"switch",2,6,0,1,1,0,0,1,"Lape","Tannet",1,1,2,4
4256,"switch",2,7,1,1,0,0,1,0,"Tannet","Lape",1,1,3,7
4256,"switch",2,8,0,1,0,0,0,0,"Lape","Tannet",1,1,1,3
4261,"switch",2,1,0,0,0,1,0,0,"Tannet","Lape",1,1,5,1
4261,"switch",2,2,0,1,1,0,0,1,"Lape","Tannet",1,1,2,4
4261,"switch",2,3,1,0,0,0,0,0,"Lape","Tannet",1,1,1,5
4261,"switch",2,4,0,0,1,1,0,1,"Tannet","Lape",1,1,6,2
4261,"switch",2,5,0,1,0,1,1,0,"Lape","Tannet",1,1,7,3
4261,"switch",2,6,1,1,1,0,1,1,"Tannet","Lape",1,1,4,8
4261,"switch",2,7,0,1,1,1,1,1,"Lape","Tannet",1,1,8,4
4261,"switch",2,8,1,1,0,0,1,0,"Tannet","Lape",1,1,3,7
4280,"switch",2,1,1,1,1,1,0,1,"Tannet","Lape",1,1,6,8
4280,"switch",2,2,1,0,0,0,0,1,"Lape","Tannet",1,2,2,5
4280,"switch",2,3,1,1,1,0,1,1,"Tannet","Lape",1,1,4,8
4280,"switch",2,4,0,0,0,1,0,0,"Tannet","Lape",1,1,5,1
4280,"switch",2,5,1,0,0,1,1,1,"Lape","Tannet",1,2,8,5
4280,"switch",2,6,1,0,0,0,0,0,"Lape","Tannet",1,1,1,5
4280,"switch",2,7,1,1,1,0,1,0,"Tannet","Lape",1,2,3,8
4280,"switch",2,8,1,0,0,1,1,0,"Lape","Tannet",1,1,7,5
4325,"switch",2,1,1,1,1,0,1,1,"Tannet","Lape",1,1,4,8
4325,"switch",2,2,1,1,0,0,1,0,"Tannet","Lape",1,1,3,7
4325,"switch",2,3,1,1,1,1,0,1,"Tannet","Lape",1,1,6,8
4325,"switch",2,4,1,0,0,0,0,0,"Lape","Tannet",1,1,1,5
4325,"switch",2,5,1,0,1,1,1,1,"Lape","Tannet",1,1,8,6
4325,"switch",2,6,1,0,1,0,0,1,"Lape","Tannet",1,1,2,6
4325,"switch",2,7,0,1,0,1,1,0,"Lape","Tannet",1,1,7,3
4325,"switch",2,8,0,0,0,1,0,0,"Tannet","Lape",1,1,5,1
4335,"switch",2,1,0,1,0,1,1,0,"Lape","Tannet",1,1,7,3
4335,"switch",2,2,0,0,1,1,0,0,"Tannet","Lape",1,2,5,2
4335,"switch",2,3,0,0,1,0,1,0,"Tannet","Lape",1,2,3,2
4335,"switch",2,4,0,1,0,0,0,1,"Lape","Tannet",1,2,2,3
4335,"switch",2,5,0,0,1,0,1,1,"Tannet","Lape",1,1,4,2
4335,"switch",2,6,0,1,0,1,1,1,"Lape","Tannet",1,2,8,3
4335,"switch",2,7,0,0,1,1,0,1,"Tannet","Lape",1,1,6,2
4335,"switch",2,8,0,1,0,0,0,0,"Lape","Tannet",1,1,1,3
4355,"switch",2,1,1,0,1,1,1,0,"Lape","Tannet",1,2,7,6
4355,"switch",2,2,1,0,1,0,0,1,"Lape","Tannet",1,1,2,6
4355,"switch",2,3,0,0,0,0,1,0,"Tannet","Lape",1,1,3,1
4355,"switch",2,4,0,1,0,0,1,1,"Tannet","Tannet",0,1,4,3
4355,"switch",2,5,0,0,0,1,0,1,"Tannet","Lape",1,2,6,1
4355,"switch",2,6,1,0,1,0,0,0,"Lape","Tannet",1,2,1,6
4355,"switch",2,7,1,0,1,1,1,1,"Lape","Tannet",1,1,8,6
4355,"switch",2,8,0,0,0,1,0,0,"Tannet","Lape",1,1,5,1
4361,"switch",2,1,0,1,1,1,1,1,"Lape","Tannet",1,1,8,4
4361,"switch",2,2,0,0,1,0,1,0,"Tannet","Lape",1,2,3,2
4361,"switch",2,3,0,1,1,0,0,1,"Lape","Tannet",1,1,2,4
4361,"switch",2,4,0,1,1,0,0,0,"Lape","Tannet",1,2,1,4
4361,"switch",2,5,0,0,1,1,0,1,"Tannet","Lape",1,1,6,2
4361,"switch",2,6,0,0,1,1,0,0,"Tannet","Lape",1,2,5,2
4361,"switch",2,7,0,1,1,1,1,0,"Lape","Tannet",1,2,7,4
4361,"switch",2,8,0,0,1,0,1,1,"Tannet","Lape",1,1,4,2
4390,"switch",2,1,1,1,0,1,0,1,"Tannet","Lape",1,2,6,7
4390,"switch",2,2,1,1,0,0,1,0,"Tannet","Lape",1,1,3,7
4390,"switch",2,3,1,1,0,0,1,1,"Tannet","Lape",1,2,4,7
4390,"switch",2,4,0,1,1,0,0,0,"Lape","Tannet",1,2,1,4
4390,"switch",2,5,1,1,0,1,0,0,"Tannet","Lape",1,1,5,7
4390,"switch",2,6,0,1,1,0,0,1,"Lape","Tannet",1,1,2,4
4390,"switch",2,7,0,1,1,1,1,0,"Lape","Tannet",1,2,7,4
4390,"switch",2,8,0,1,1,1,1,1,"Lape","Tannet",1,1,8,4
4409,"switch",2,1,0,1,0,1,1,1,"Lape","Tannet",1,2,8,3
4409,"switch",2,2,1,1,1,1,0,0,"Tannet","Lape",1,2,5,8
4409,"switch",2,3,0,1,0,0,0,1,"Lape","Tannet",1,2,2,3
4409,"switch",2,4,1,1,1,0,1,0,"Tannet","Lape",1,2,3,8
4409,"switch",2,5,1,1,1,1,0,1,"Tannet","Lape",1,1,6,8
4409,"switch",2,6,1,1,1,0,1,1,"Tannet","Lape",1,1,4,8
4409,"switch",2,7,0,1,0,0,0,0,"Lape","Tannet",1,1,1,3
4409,"switch",2,8,0,1,0,1,1,0,"Lape","Tannet",1,1,7,3
4465,"switch",2,1,1,0,1,1,1,1,"Lape","Tannet",1,1,8,6
4465,"switch",2,2,1,1,1,0,1,1,"Tannet","Lape",1,1,4,8
4465,"switch",2,3,1,1,0,0,1,0,"Tannet","Lape",1,1,3,7
4465,"switch",2,4,0,0,1,1,0,1,"Tannet","Lape",1,1,6,2
4465,"switch",2,5,1,0,1,0,0,1,"Lape","Tannet",1,1,2,6
4465,"switch",2,6,0,0,0,1,0,0,"Tannet","Lape",1,1,5,1
4465,"switch",2,7,0,1,0,1,1,0,"Lape","Tannet",1,1,7,3
4465,"switch",2,8,1,0,0,0,0,0,"Lape","Tannet",1,1,1,5
4488,"switch",2,1,1,0,0,0,0,1,"Lape","Tannet",1,2,2,5
4488,"switch",2,2,0,0,0,1,0,1,"Tannet","Lape",1,2,6,1
4488,"switch",2,3,0,1,0,1,1,1,"Lape","Tannet",1,2,8,3
4488,"switch",2,4,1,1,0,0,1,1,"Tannet","Lape",1,2,4,7
4488,"switch",2,5,0,1,1,1,1,0,"Lape","Tannet",1,2,7,4
4488,"switch",2,6,0,0,1,1,0,0,"Tannet","Lape",1,2,5,2
4488,"switch",2,7,1,1,1,0,1,0,"Tannet","Lape",1,2,3,8
4488,"switch",2,8,1,0,1,0,0,0,"Lape","Tannet",1,2,1,6
4514,"switch",2,1,1,0,0,1,0,1,"Tannet","Tannet",0,1,6,5
4514,"switch",2,2,0,1,1,0,0,1,"Lape","Tannet",1,1,2,4
4514,"switch",2,3,1,0,0,0,0,0,"Lape","Tannet",1,1,1,5
4514,"switch",2,4,1,0,0,1,1,0,"Lape","Tannet",1,1,7,5
4514,"switch",2,5,1,1,0,1,0,0,"Tannet","Lape",1,1,5,7
4514,"switch",2,6,0,0,0,0,1,1,"Tannet","Lape",1,2,4,1
4514,"switch",2,7,0,1,1,1,1,1,"Lape","Tannet",1,1,8,4
4514,"switch",2,8,0,0,0,0,1,0,"Tannet","Lape",1,1,3,1
4519,"switch",2,1,1,1,1,1,0,1,"Tannet","Lape",1,1,6,8
4519,"switch",2,2,1,1,0,1,0,0,"Tannet","Lape",1,1,5,7
4519,"switch",2,3,1,1,0,0,1,0,"Tannet","Lape",1,1,3,7
4519,"switch",2,4,0,1,0,0,0,1,"Lape","Tannet",1,2,2,3
4519,"switch",2,5,0,1,0,0,0,0,"Lape","Tannet",1,1,1,3
4519,"switch",2,6,1,1,1,0,1,1,"Tannet","Lape",1,1,4,8
4519,"switch",2,7,0,1,0,1,1,1,"Lape","Tannet",1,2,8,3
4519,"switch",2,8,0,1,0,1,1,0,"Lape","Tannet",1,1,7,3
4244,"switch",3,1,0,0,1,1,0,0,"Tannet","Lape",1,2,5,2
4244,"switch",3,2,1,0,0,0,1,0,"Lape","Tannet",1,2,3,5
4244,"switch",3,3,1,0,0,0,0,1,"Lape","Tannet",1,2,2,5
4244,"switch",3,4,0,0,1,0,1,1,"Tannet","Lape",1,1,4,2
4244,"switch",3,5,0,0,1,1,1,1,"Tannet","Lape",1,2,8,2
4244,"switch",3,6,1,0,0,0,0,0,"Lape","Tannet",1,1,1,5
4244,"switch",3,7,1,0,0,1,0,1,"Lape","Tannet",1,1,6,5
4244,"switch",3,8,0,0,1,1,1,0,"Tannet","Lape",1,3,7,2
4275,"switch",3,1,0,0,1,0,1,1,"Tannet","Lape",1,1,4,2
4275,"switch",3,2,0,0,1,1,1,1,"Tannet","Lape",1,2,8,2
4275,"switch",3,3,0,0,1,1,1,0,"Tannet","Lape",1,3,7,2
4275,"switch",3,4,1,0,0,0,0,1,"Lape","Tannet",1,2,2,5
4275,"switch",3,5,0,0,1,1,0,0,"Tannet","Lape",1,2,5,2
4275,"switch",3,6,1,0,0,0,1,0,"Lape","Tannet",1,2,3,5
4275,"switch",3,7,1,0,0,1,0,1,"Lape","Tannet",1,1,6,5
4275,"switch",3,8,1,0,0,0,0,0,"Lape","Tannet",1,1,1,5
4293,"switch",3,1,0,1,0,0,0,0,"Lape","Lape",0,1,1,3
4293,"switch",3,2,0,1,1,0,0,1,"Lape","Tannet",1,1,2,4
4293,"switch",3,3,1,0,1,1,1,1,"Tannet","Lape",1,1,8,6
4293,"switch",3,4,1,0,0,1,1,0,"Tannet","Tannet",0,1,7,5
4293,"switch",3,5,1,1,1,1,0,1,"Lape","Tannet",1,1,6,8
4293,"switch",3,6,0,0,0,0,1,0,"Lape","Lape",0,1,3,1
4293,"switch",3,7,0,0,1,0,1,1,"Tannet","Lape",1,1,4,2
4293,"switch",3,8,0,0,0,1,0,0,"Tannet","Lape",1,1,5,1
4298,"switch",3,1,0,0,1,1,1,1,"Tannet","Lape",1,2,8,2
4298,"switch",3,2,1,1,0,0,0,1,"Lape","Tannet",1,3,2,7
4298,"switch",3,3,0,0,1,0,1,1,"Tannet","Lape",1,1,4,2
4298,"switch",3,4,0,0,1,1,1,0,"Tannet","Lape",1,3,7,2
4298,"switch",3,5,1,1,0,1,0,1,"Lape","Tannet",1,2,6,7
4298,"switch",3,6,1,1,0,0,0,0,"Lape","Tannet",1,2,1,7
4298,"switch",3,7,1,1,0,0,1,0,"Lape","Tannet",1,1,3,7
4298,"switch",3,8,0,0,1,1,0,0,"Tannet","Lape",1,2,5,2
4345,"switch",3,1,1,0,1,1,1,0,"Tannet","Lape",1,2,7,6
4345,"switch",3,2,1,1,0,0,0,1,"Lape","Tannet",1,3,2,7
4345,"switch",3,3,1,1,0,0,0,0,"Lape","Tannet",1,2,1,7
4345,"switch",3,4,1,1,0,0,1,0,"Lape","Tannet",1,1,3,7
4345,"switch",3,5,0,0,1,0,1,1,"Tannet","Lape",1,1,4,2
4345,"switch",3,6,1,1,0,1,0,1,"Lape","Tannet",1,2,6,7
4345,"switch",3,7,1,0,1,1,1,1,"Tannet","Lape",1,1,8,6
4345,"switch",3,8,1,0,1,1,0,0,"Tannet","Lape",1,1,5,6
4396,"switch",3,1,0,1,0,1,0,1,"Lape","Lape",0,3,6,3
4396,"switch",3,2,1,1,0,0,1,0,"Lape","Tannet",1,1,3,7
4396,"switch",3,3,1,1,0,0,0,0,"Lape","Tannet",1,2,1,7
4396,"switch",3,4,0,0,1,0,1,1,"Tannet","Lape",1,1,4,2
4396,"switch",3,5,1,0,1,1,0,0,"Tannet","Lape",1,1,5,6
4396,"switch",3,6,1,0,1,1,1,1,"Tannet","Lape",1,1,8,6
4396,"switch",3,7,1,0,1,1,1,0,"Tannet","Lape",1,2,7,6
4396,"switch",3,8,1,1,0,0,0,1,"Lape","Tannet",1,3,2,7
4399,"switch",3,1,1,1,1,0,0,1,"Lape","Tannet",1,2,2,8
4399,"switch",3,2,1,1,1,1,0,1,"Lape","Tannet",1,1,6,8
4399,"switch",3,3,1,1,1,0,0,0,"Lape","Tannet",1,3,1,8
4399,"switch",3,4,0,0,0,1,1,0,"Tannet","Lape",1,2,7,1
4399,"switch",3,5,0,0,0,1,1,1,"Tannet","Lape",1,3,8,1
4399,"switch",3,6,0,0,0,0,1,1,"Tannet","Lape",1,2,4,1
4399,"switch",3,7,0,0,0,1,0,0,"Tannet","Lape",1,1,5,1
4399,"switch",3,8,1,1,1,0,1,0,"Lape","Tannet",1,2,3,8
4415,"switch",3,1,1,1,0,1,0,0,"Tannet","Tannet",0,1,5,7
4415,"switch",3,2,0,0,0,0,1,0,"Lape","Lape",0,1,3,1
4415,"switch",3,3,0,1,1,1,0,1,"Lape","Tannet",1,2,6,4
4415,"switch",3,4,0,0,0,1,1,0,"Tannet","Lape",1,2,7,1
4415,"switch",3,5,1,1,0,0,0,0,"Lape","Tannet",1,2,1,7
4415,"switch",3,6,1,0,1,0,1,1,"Tannet","Lape",1,2,4,6
4415,"switch",3,7,0,0,1,1,1,1,"Tannet","Lape",1,2,8,2
4415,"switch",3,8,1,1,1,0,0,1,"Lape","Tannet",1,2,2,8
4474,"switch",3,1,1,1,1,1,0,1,"Lape","Tannet",1,1,6,8
4474,"switch",3,2,1,1,0,0,1,0,"Lape","Tannet",1,1,3,7
4474,"switch",3,3,1,0,0,0,0,0,"Lape","Tannet",1,1,1,5
4474,"switch",3,4,0,0,1,1,0,0,"Tannet","Lape",1,2,5,2
4474,"switch",3,5,1,1,1,0,0,1,"Lape","Tannet",1,2,2,8
4474,"switch",3,6,0,0,0,0,1,1,"Tannet","Lape",1,2,4,1
4474,"switch",3,7,0,0,0,1,1,0,"Tannet","Lape",1,2,7,1
4474,"switch",3,8,0,0,1,1,1,1,"Tannet","Lape",1,2,8,2
4494,"switch",3,1,1,1,1,1,0,1,"Lape","Tannet",1,1,6,8
4494,"switch",3,2,1,1,1,0,0,0,"Lape","Tannet",1,3,1,8
4494,"switch",3,3,0,0,1,0,1,1,"Tannet","Lape",1,1,4,2
4494,"switch",3,4,0,1,0,1,0,0,"Tannet","Lape",1,2,5,3
4494,"switch",3,5,1,1,0,0,1,0,"Lape","Tannet",1,1,3,7
4494,"switch",3,6,0,0,1,1,1,1,"Tannet","Lape",1,2,8,2
4494,"switch",3,7,1,1,1,0,0,1,"Lape","Tannet",1,2,2,8
4494,"switch",3,8,0,0,0,1,1,0,"Tannet","Lape",1,2,7,1
4524,"switch",3,1,1,1,0,1,0,1,"Lape","Tannet",1,2,6,7
4524,"switch",3,2,0,0,1,1,1,0,"Tannet","Lape",1,3,7,2
4524,"switch",3,3,1,1,0,0,1,0,"Lape","Tannet",1,1,3,7
4524,"switch",3,4,0,0,1,0,1,1,"Tannet","Lape",1,1,4,2
4524,"switch",3,5,0,0,1,1,0,0,"Tannet","Lape",1,2,5,2
4524,"switch",3,6,1,1,0,0,0,0,"Lape","Tannet",1,2,1,7
4524,"switch",3,7,0,0,1,1,1,1,"Tannet","Lape",1,2,8,2
4524,"switch",3,8,1,1,0,0,0,1,"Lape","Tannet",1,3,2,7
4530,"switch",3,1,1,0,1,0,0,1,"Lape","Lape",0,1,2,6
4530,"switch",3,2,1,1,0,1,0,0,"Tannet","Tannet",0,1,5,7
4530,"switch",3,3,0,1,0,1,1,0,"Tannet","Lape",1,1,7,3
4530,"switch",3,4,0,0,1,1,0,1,"Lape","Lape",0,1,6,2
4530,"switch",3,5,1,0,0,1,1,1,"Tannet","Tannet",0,2,8,5
4530,"switch",3,6,0,0,1,0,0,0,"Lape","Lape",0,1,1,2
4530,"switch",3,7,0,1,1,0,1,0,"Lape","Tannet",1,1,3,4
4530,"switch",3,8,1,1,0,0,1,1,"Tannet","Tannet",0,2,4,7
4532,"switch",3,1,0,0,0,1,0,0,"Tannet","Lape",1,1,5,1
4532,"switch",3,2,1,1,1,0,1,1,"Tannet","Tannet",0,1,4,8
4532,"switch",3,3,1,1,1,1,1,0,"Tannet","Tannet",0,1,7,8
4532,"switch",3,4,1,1,1,1,0,1,"Lape","Tannet",1,1,6,8
4532,"switch",3,5,0,0,0,0,0,1,"Lape","Lape",0,1,2,1
4532,"switch",3,6,0,0,0,0,1,0,"Lape","Lape",0,1,3,1
4532,"switch",3,7,0,1,1,1,1,1,"Tannet","Tannet",0,1,8,4
4532,"switch",3,8,1,0,0,0,0,0,"Lape","Tannet",1,1,1,5
4225,"switch",4,1,1,0,0,0,1,1,"Tannet","Lape",1,3,4,5
4225,"switch",4,2,1,1,1,0,0,1,"Lape","Tannet",1,2,2,8
4225,"switch",4,3,1,1,1,0,0,0,"Lape","Tannet",1,3,1,8
4225,"switch",4,4,0,0,0,1,1,1,"Tannet","Lape",1,3,8,1
4225,"switch",4,5,0,0,0,1,0,1,"Tannet","Lape",1,2,6,1
4225,"switch",4,6,0,0,0,1,1,0,"Tannet","Lape",1,2,7,1
4225,"switch",4,7,1,1,1,0,1,0,"Lape","Tannet",1,2,3,8
4225,"switch",4,8,1,1,1,1,0,0,"Lape","Tannet",1,2,5,8
4230,"switch",4,1,0,1,1,0,0,0,"Lape","Tannet",1,2,1,4
4230,"switch",4,2,0,1,1,0,0,1,"Lape","Tannet",1,1,2,4
4230,"switch",4,3,1,1,1,1,0,0,"Lape","Tannet",1,2,5,8
4230,"switch",4,4,1,0,0,1,1,1,"Tannet","Lape",1,2,8,5
4230,"switch",4,5,1,0,0,1,0,1,"Tannet","Lape",1,1,6,5
4230,"switch",4,6,0,1,1,0,1,0,"Lape","Tannet",1,1,3,4
4230,"switch",4,7,0,0,0,0,1,1,"Tannet","Lape",1,2,4,1
4230,"switch",4,8,1,0,0,1,1,0,"Tannet","Lape",1,1,7,5
4239,"switch",4,1,0,0,1,0,1,1,"Tannet","Lape",1,1,4,2
4239,"switch",4,2,1,1,1,1,0,0,"Lape","Tannet",1,2,5,8
4239,"switch",4,3,0,0,1,1,0,1,"Tannet","Lape",1,1,6,2
4239,"switch",4,4,0,0,0,0,0,1,"Lape","Lape",0,1,2,1
4239,"switch",4,5,1,0,0,0,0,0,"Lape","Lape",0,1,1,5
4239,"switch",4,6,1,1,0,1,1,1,"Tannet","Tannet",0,1,8,7
4239,"switch",4,7,0,1,1,0,1,0,"Lape","Tannet",1,1,3,4
4239,"switch",4,8,1,0,0,1,1,0,"Tannet","Lape",1,1,7,5
4250,"switch",4,1,1,1,1,0,0,1,"Lape","Tannet",1,2,2,8
4250,"switch",4,2,0,0,1,1,1,1,"Tannet","Lape",1,2,8,2
4250,"switch",4,3,1,1,0,0,1,0,"Lape","Tannet",1,1,3,7
4250,"switch",4,4,1,1,0,1,0,0,"Lape","Tannet",1,1,5,7
4250,"switch",4,5,1,1,0,0,0,0,"Lape","Tannet",1,2,1,7
4250,"switch",4,6,0,0,1,0,1,1,"Tannet","Lape",1,1,4,2
4250,"switch",4,7,0,0,1,1,0,1,"Tannet","Lape",1,1,6,2
4250,"switch",4,8,0,0,0,1,1,0,"Tannet","Lape",1,2,7,1
4259,"switch",4,1,0,1,0,0,1,1,"Tannet","Lape",1,1,4,3
4259,"switch",4,2,1,0,1,0,1,0,"Lape","Tannet",1,3,3,6
4259,"switch",4,3,1,0,1,0,0,0,"Lape","Tannet",1,2,1,6
4259,"switch",4,4,0,1,0,1,1,1,"Tannet","Lape",1,2,8,3
4259,"switch",4,5,0,1,0,1,0,1,"Tannet","Lape",1,3,6,3
4259,"switch",4,6,0,0,1,1,0,0,"Lape","Lape",0,2,5,2
4259,"switch",4,7,1,0,1,0,0,1,"Lape","Tannet",1,1,2,6
4259,"switch",4,8,0,1,0,1,1,0,"Tannet","Lape",1,1,7,3
4267,"switch",4,1,0,1,0,1,1,1,"Tannet","Lape",1,2,8,3
4267,"switch",4,2,0,1,0,0,1,1,"Tannet","Lape",1,1,4,3
4267,"switch",4,3,1,0,1,0,0,1,"Lape","Tannet",1,1,2,6
4267,"switch",4,4,0,1,0,1,1,0,"Tannet","Lape",1,1,7,3
4267,"switch",4,5,1,0,1,1,0,0,"Lape","Tannet",1,1,5,6
4267,"switch",4,6,1,0,1,0,1,0,"Lape","Tannet",1,3,3,6
4267,"switch",4,7,1,0,1,0,0,0,"Lape","Tannet",1,2,1,6
4267,"switch",4,8,0,1,0,1,0,1,"Tannet","Lape",1,3,6,3
4270,"switch",4,1,0,0,1,1,0,1,"Tannet","Lape",1,1,6,2
4270,"switch",4,2,1,0,0,0,0,0,"Lape","Lape",0,1,1,5
4270,"switch",4,3,1,1,1,0,0,1,"Lape","Tannet",1,2,2,8
4270,"switch",4,4,0,0,0,1,1,0,"Tannet","Lape",1,2,7,1
4270,"switch",4,5,1,1,0,1,0,0,"Lape","Tannet",1,1,5,7
4270,"switch",4,6,0,0,1,1,1,1,"Tannet","Lape",1,2,8,2
4270,"switch",4,7,1,0,0,0,1,0,"Lape","Lape",0,2,3,5
4270,"switch",4,8,0,0,1,0,1,1,"Tannet","Lape",1,1,4,2
4303,"switch",4,1,0,0,0,1,1,1,"Tannet","Lape",1,3,8,1
4303,"switch",4,2,1,0,1,0,1,0,"Lape","Tannet",1,3,3,6
4303,"switch",4,3,1,1,1,0,0,0,"Lape","Tannet",1,3,1,8
4303,"switch",4,4,0,1,1,1,0,0,"Lape","Tannet",1,3,5,4
4303,"switch",4,5,1,0,0,0,1,1,"Tannet","Lape",1,3,4,5
4303,"switch",4,6,0,0,1,1,1,0,"Tannet","Lape",1,3,7,2
4303,"switch",4,7,1,1,0,0,0,1,"Lape","Tannet",1,3,2,7
4303,"switch",4,8,0,1,0,1,0,1,"Tannet","Lape",1,3,6,3
4330,"switch",4,1,1,1,1,0,1,0,"Lape","Tannet",1,2,3,8
4330,"switch",4,2,0,1,0,0,1,1,"Tannet","Lape",1,1,4,3
4330,"switch",4,3,0,1,0,1,0,1,"Tannet","Lape",1,3,6,3
4330,"switch",4,4,1,0,1,0,0,0,"Lape","Tannet",1,2,1,6
4330,"switch",4,5,0,1,0,1,1,1,"Tannet","Lape",1,2,8,3
4330,"switch",4,6,1,0,1,0,0,1,"Lape","Tannet",1,1,2,6
4330,"switch",4,7,0,1,0,1,1,0,"Tannet","Lape",1,1,7,3
4330,"switch",4,8,1,0,1,1,0,0,"Lape","Tannet",1,1,5,6
4385,"switch",4,1,1,0,1,0,0,0,"Lape","Tannet",1,2,1,6
4385,"switch",4,2,1,0,1,0,1,0,"Lape","Tannet",1,3,3,6
4385,"switch",4,3,0,1,0,1,1,1,"Tannet","Lape",1,2,8,3
4385,"switch",4,4,0,1,0,1,0,1,"Tannet","Lape",1,3,6,3
4385,"switch",4,5,0,1,0,0,1,1,"Tannet","Lape",1,1,4,3
4385,"switch",4,6,0,1,0,1,1,0,"Tannet","Lape",1,1,7,3
4385,"switch",4,7,1,0,1,0,0,1,"Lape","Tannet",1,1,2,6
4385,"switch",4,8,1,0,1,1,0,0,"Lape","Tannet",1,1,5,6
4417,"switch",4,1,0,0,0,0,1,1,"Tannet","Lape",1,2,4,1
4417,"switch",4,2,1,0,0,1,0,1,"Tannet","Lape",1,1,6,5
4417,"switch",4,3,1,1,1,1,0,0,"Lape","Tannet",1,2,5,8
4417,"switch",4,4,1,0,0,1,1,0,"Tannet","Lape",1,1,7,5
4417,"switch",4,5,0,1,1,0,1,0,"Lape","Tannet",1,1,3,4
4417,"switch",4,6,0,1,1,0,0,0,"Lape","Tannet",1,2,1,4
4417,"switch",4,7,0,1,1,0,0,1,"Lape","Tannet",1,1,2,4
4417,"switch",4,8,1,0,0,1,1,1,"Tannet","Lape",1,2,8,5
4430,"switch",4,1,0,0,0,0,1,1,"Tannet","Lape",1,2,4,1
4430,"switch",4,2,0,0,0,1,0,1,"Tannet","Lape",1,2,6,1
4430,"switch",4,3,1,1,1,0,0,1,"Lape","Tannet",1,2,2,8
4430,"switch",4,4,1,1,1,0,1,0,"Lape","Tannet",1,2,3,8
4430,"switch",4,5,1,1,1,0,0,0,"Lape","Tannet",1,3,1,8
4430,"switch",4,6,0,0,0,1,1,1,"Tannet","Lape",1,3,8,1
4430,"switch",4,7,0,0,0,1,1,0,"Tannet","Lape",1,2,7,1
4430,"switch",4,8,1,1,1,1,0,0,"Lape","Tannet",1,2,5,8
4449,"switch",4,1,0,0,0,1,1,0,"Tannet","Lape",1,2,7,1
4449,"switch",4,2,0,0,0,1,0,1,"Tannet","Lape",1,2,6,1
4449,"switch",4,3,1,1,1,1,0,0,"Lape","Tannet",1,2,5,8
4449,"switch",4,4,0,0,0,1,1,1,"Tannet","Lape",1,3,8,1
4449,"switch",4,5,1,1,1,0,0,1,"Lape","Tannet",1,2,2,8
4449,"switch",4,6,1,1,1,0,1,0,"Lape","Tannet",1,2,3,8
4449,"switch",4,7,0,0,0,0,1,1,"Tannet","Lape",1,2,4,1
4449,"switch",4,8,1,1,1,0,0,0,"Lape","Tannet",1,3,1,8
4500,"switch",4,1,0,0,1,1,1,1,"Tannet","Lape",1,2,8,2
4500,"switch",4,2,1,1,0,1,0,0,"Lape","Tannet",1,1,5,7
4500,"switch",4,3,1,1,0,0,1,0,"Lape","Tannet",1,1,3,7
4500,"switch",4,4,0,0,1,1,0,1,"Tannet","Lape",1,1,6,2
4500,"switch",4,5,0,0,1,1,1,0,"Tannet","Lape",1,3,7,2
4500,"switch",4,6,1,1,0,0,0,1,"Lape","Tannet",1,3,2,7
4500,"switch",4,7,1,1,0,0,0,0,"Lape","Tannet",1,2,1,7
4500,"switch",4,8,0,0,1,0,1,1,"Tannet","Lape",1,1,4,2
4537,"switch",4,1,1,1,0,0,0,0,"Lape","Tannet",1,2,1,7
4537,"switch",4,2,0,0,1,1,1,0,"Tannet","Lape",1,3,7,2
4537,"switch",4,3,1,1,0,0,1,0,"Lape","Tannet",1,1,3,7
4537,"switch",4,4,0,0,1,1,0,1,"Tannet","Lape",1,1,6,2
4537,"switch",4,5,1,1,0,0,0,1,"Lape","Tannet",1,3,2,7
4537,"switch",4,6,0,0,1,1,1,1,"Tannet","Lape",1,2,8,2
4537,"switch",4,7,1,1,0,1,0,0,"Lape","Tannet",1,1,5,7
4537,"switch",4,8,0,0,1,0,1,1,"Tannet","Lape",1,1,4,2
4224,"classify",2,1,1,0,1,1,1,1,"Lape","Tannet",1,1,8,6
4224,"classify",2,2,1,1,0,0,1,0,"Tannet","Lape",1,1,3,7
4224,"classify",2,3,1,0,1,0,0,1,"Lape","Tannet",1,1,2,6
4224,"classify",2,4,1,1,1,1,0,1,"Tannet","Lape",1,1,6,8
4224,"classify",2,5,1,1,0,1,0,0,"Tannet","Lape",1,1,5,7
4224,"classify",2,6,0,1,0,0,0,0,"Lape","Tannet",1,1,1,3
4224,"classify",2,7,1,1,1,0,1,1,"Tannet","Lape",1,1,4,8
4224,"classify",2,8,1,0,0,1,1,0,"Lape","Tannet",1,1,7,5
4248,"classify",2,1,1,1,0,0,1,0,"Tannet","Lape",1,1,3,7
4248,"classify",2,2,1,1,1,0,1,1,"Tannet","Lape",1,1,4,8
4248,"classify",2,3,1,0,0,1,1,0,"Lape","Tannet",1,1,7,5
4248,"classify",2,4,1,0,1,1,1,1,"Lape","Tannet",1,1,8,6
4248,"classify",2,5,0,1,0,0,0,0,"Lape","Tannet",1,1,1,3
4248,"classify",2,6,0,1,1,0,0,1,"Lape","Tannet",1,1,2,4
4248,"classify",2,7,0,0,1,1,0,1,"Tannet","Lape",1,1,6,2
4248,"classify",2,8,0,0,1,1,0,0,"Tannet","Lape",1,2,5,2
4254,"classify",2,1,1,1,1,1,0,0,"Tannet","Lape",1,2,5,8
4254,"classify",2,2,1,0,0,1,0,1,"Tannet","Tannet",0,1,6,5
4254,"classify",2,3,1,1,0,0,1,0,"Tannet","Lape",1,1,3,7
4254,"classify",2,4,0,0,0,1,1,0,"Lape","Lape",0,2,7,1
4254,"classify",2,5,0,0,1,0,1,1,"Tannet","Lape",1,1,4,2
4254,"classify",2,6,1,0,1,0,0,0,"Lape","Tannet",1,2,1,6
4254,"classify",2,7,1,0,0,0,0,1,"Lape","Tannet",1,2,2,5
4254,"classify",2,8,0,0,1,1,1,1,"Lape","Lape",0,2,8,2
4262,"classify",2,1,0,1,0,1,1,0,"Lape","Tannet",1,1,7,3
4262,"classify",2,2,0,0,1,1,0,1,"Tannet","Lape",1,1,6,2
4262,"classify",2,3,1,0,0,0,1,1,"Tannet","Tannet",0,3,4,5
4262,"classify",2,4,1,1,0,1,0,0,"Tannet","Lape",1,1,5,7
4262,"classify",2,5,0,0,0,0,1,0,"Tannet","Lape",1,1,3,1
4262,"classify",2,6,1,0,1,0,0,1,"Lape","Tannet",1,1,2,6
4262,"classify",2,7,0,1,0,0,0,0,"Lape","Tannet",1,1,1,3
4262,"classify",2,8,0,1,1,1,1,1,"Lape","Tannet",1,1,8,4
4276,"classify",2,1,1,0,1,0,1,0,"Tannet","Tannet",0,3,3,6
4276,"classify",2,2,0,1,1,1,1,1,"Lape","Tannet",1,1,8,4
4276,"classify",2,3,1,0,0,0,0,0,"Lape","Tannet",1,1,1,5
4276,"classify",2,4,1,1,1,1,0,1,"Tannet","Lape",1,1,6,8
4276,"classify",2,5,1,1,0,1,0,0,"Tannet","Lape",1,1,5,7
4276,"classify",2,6,1,0,1,0,0,1,"Lape","Tannet",1,1,2,6
4276,"classify",2,7,0,1,0,1,1,0,"Lape","Tannet",1,1,7,3
4276,"classify",2,8,1,1,1,0,1,1,"Tannet","Lape",1,1,4,8
4281,"classify",2,1,1,1,0,1,0,1,"Tannet","Lape",1,2,6,7
4281,"classify",2,2,0,0,1,1,1,1,"Lape","Lape",0,2,8,2
4281,"classify",2,3,1,1,0,1,0,0,"Tannet","Lape",1,1,5,7
4281,"classify",2,4,1,1,0,0,1,1,"Tannet","Lape",1,2,4,7
4281,"classify",2,5,1,1,0,0,1,0,"Tannet","Lape",1,1,3,7
4281,"classify",2,6,1,0,0,1,1,0,"Lape","Tannet",1,1,7,5
4281,"classify",2,7,1,0,0,0,0,0,"Lape","Tannet",1,1,1,5
4281,"classify",2,8,0,1,1,0,0,1,"Lape","Tannet",1,1,2,4
4294,"classify",2,1,0,0,1,1,1,0,"Lape","Lape",0,3,7,2
4294,"classify",2,2,0,1,0,1,0,1,"Tannet","Tannet",0,3,6,3
4294,"classify",2,3,0,1,0,1,0,0,"Tannet","Tannet",0,2,5,3
4294,"classify",2,4,0,0,0,0,1,1,"Tannet","Lape",1,2,4,1
4294,"classify",2,5,0,0,1,1,1,1,"Lape","Lape",0,2,8,2
4294,"classify",2,6,0,0,1,0,0,0,"Lape","Lape",0,1,1,2
4294,"classify",2,7,1,0,0,0,1,0,"Tannet","Tannet",0,2,3,5
4294,"classify",2,8,0,0,0,0,0,1,"Lape","Lape",0,1,2,1
4336,"classify",2,1,0,0,1,0,0,0,"Lape","Lape",0,1,1,2
4336,"classify",2,2,0,0,0,1,0,0,"Tannet","Lape",1,1,5,1
4336,"classify",2,3,0,1,0,1,1,0,"Lape","Tannet",1,1,7,3
4336,"classify",2,4,1,0,1,0,0,1,"Lape","Tannet",1,1,2,6
4336,"classify",2,5,0,1,1,0,1,0,"Tannet","Tannet",0,1,3,4
4336,"classify",2,6,1,1,0,1,1,1,"Lape","Lape",0,1,8,7
4336,"classify",2,7,0,0,1,1,0,1,"Tannet","Lape",1,1,6,2
4336,"classify",2,8,0,0,1,0,1,1,"Tannet","Lape",1,1,4,2
4346,"classify",2,1,0,0,1,1,1,1,"Lape","Lape",0,2,8,2
4346,"classify",2,2,0,0,0,1,0,0,"Tannet","Lape",1,1,5,1
4346,"classify",2,3,0,1,1,0,0,1,"Lape","Tannet",1,1,2,4
4346,"classify",2,4,0,0,0,0,1,0,"Tannet","Lape",1,1,3,1
4346,"classify",2,5,0,1,0,0,0,0,"Lape","Tannet",1,1,1,3
4346,"classify",2,6,0,1,0,1,1,0,"Lape","Tannet",1,1,7,3
4346,"classify",2,7,0,0,1,1,0,1,"Tannet","Lape",1,1,6,2
4346,"classify",2,8,1,1,1,0,1,1,"Tannet","Lape",1,1,4,8
4386,"classify",2,1,0,0,0,1,0,0,"Tannet","Lape",1,1,5,1
4386,"classify",2,2,0,1,0,0,1,1,"Tannet","Tannet",0,1,4,3
4386,"classify",2,3,1,1,1,0,0,1,"Lape","Lape",0,2,2,8
4386,"classify",2,4,1,1,0,1,1,1,"Lape","Lape",0,1,8,7
4386,"classify",2,5,1,1,1,1,1,0,"Lape","Lape",0,1,7,8
4386,"classify",2,6,1,1,0,0,0,0,"Lape","Lape",0,2,1,7
4386,"classify",2,7,0,0,1,0,1,0,"Tannet","Lape",1,2,3,2
4386,"classify",2,8,0,0,1,1,0,1,"Tannet","Lape",1,1,6,2
4400,"classify",2,1,1,1,0,0,0,1,"Lape","Lape",0,3,2,7
4400,"classify",2,2,0,0,0,1,0,0,"Tannet","Lape",1,1,5,1
4400,"classify",2,3,0,0,0,0,1,0,"Tannet","Lape",1,1,3,1
4400,"classify",2,4,1,1,1,1,1,0,"Lape","Lape",0,1,7,8
4400,"classify",2,5,0,0,0,0,1,1,"Tannet","Lape",1,2,4,1
4400,"classify",2,6,1,1,0,0,0,0,"Lape","Lape",0,2,1,7
4400,"classify",2,7,0,1,0,1,0,1,"Tannet","Tannet",0,3,6,3
4400,"classify",2,8,0,0,0,1,1,1,"Lape","Lape",0,3,8,1
4416,"classify",2,1,0,1,1,1,1,1,"Lape","Tannet",1,1,8,4
4416,"classify",2,2,0,1,0,1,1,0,"Lape","Tannet",1,1,7,3
4416,"classify",2,3,1,1,0,0,1,0,"Tannet","Lape",1,1,3,7
4416,"classify",2,4,1,0,1,0,0,1,"Lape","Tannet",1,1,2,6
4416,"classify",2,5,0,0,0,1,0,0,"Tannet","Lape",1,1,5,1
4416,"classify",2,6,1,1,1,0,1,1,"Tannet","Lape",1,1,4,8
4416,"classify",2,7,0,0,1,1,0,1,"Tannet","Lape",1,1,6,2
4416,"classify",2,8,1,0,0,0,0,0,"Lape","Tannet",1,1,1,5
4450,"classify",2,1,0,1,1,0,0,1,"Lape","Tannet",1,1,2,4
4450,"classify",2,2,1,0,0,0,0,0,"Lape","Tannet",1,1,1,5
4450,"classify",2,3,1,1,0,0,1,0,"Tannet","Lape",1,1,3,7
4450,"classify",2,4,0,0,1,0,1,1,"Tannet","Lape",1,1,4,2
4450,"classify",2,5,1,0,0,1,0,1,"Tannet","Tannet",0,1,6,5
4450,"classify",2,6,1,0,0,1,1,0,"Lape","Tannet",1,1,7,5
4450,"classify",2,7,1,1,0,1,0,0,"Tannet","Lape",1,1,5,7
4450,"classify",2,8,1,0,1,1,1,1,"Lape","Tannet",1,1,8,6
4466,"classify",2,1,0,0,0,1,0,0,"Tannet","Lape",1,1,5,1
4466,"classify",2,2,1,1,0,0,0,1,"Lape","Lape",0,3,2,7
4466,"classify",2,3,0,0,1,1,0,1,"Tannet","Lape",1,1,6,2
4466,"classify",2,4,0,1,0,0,0,0,"Lape","Tannet",1,1,1,3
4466,"classify",2,5,0,1,1,1,1,1,"Lape","Tannet",1,1,8,4
4466,"classify",2,6,1,1,1,0,1,1,"Tannet","Lape",1,1,4,8
4466,"classify",2,7,1,1,0,0,1,0,"Tannet","Lape",1,1,3,7
4466,"classify",2,8,1,0,0,1,1,0,"Lape","Tannet",1,1,7,5
4495,"classify",2,1,1,1,0,1,0,0,"Tannet","Lape",1,1,5,7
4495,"classify",2,2,1,0,0,1,1,0,"Lape","Tannet",1,1,7,5
4495,"classify",2,3,0,1,0,0,1,1,"Tannet","Tannet",0,1,4,3
4495,"classify",2,4,1,0,1,1,1,1,"Lape","Tannet",1,1,8,6
4495,"classify",2,5,1,1,0,0,0,0,"Lape","Lape",0,2,1,7
4495,"classify",2,6,0,0,1,1,0,1,"Tannet","Lape",1,1,6,2
4495,"classify",2,7,1,1,0,0,1,0,"Tannet","Lape",1,1,3,7
4495,"classify",2,8,0,0,0,0,0,1,"Lape","Lape",0,1,2,1
4538,"classify",2,1,0,1,0,1,0,1,"Tannet","Tannet",0,3,6,3
4538,"classify",2,2,1,0,1,0,0,0,"Lape","Tannet",1,2,1,6
4538,"classify",2,3,0,1,1,0,0,1,"Lape","Tannet",1,1,2,4
4538,"classify",2,4,0,1,0,0,1,1,"Tannet","Tannet",0,1,4,3
4538,"classify",2,5,1,0,1,1,1,1,"Lape","Tannet",1,1,8,6
4538,"classify",2,6,0,1,1,0,1,0,"Tannet","Tannet",0,1,3,4
4538,"classify",2,7,1,0,1,1,1,0,"Lape","Tannet",1,2,7,6
4538,"classify",2,8,0,1,1,1,0,0,"Tannet","Tannet",0,3,5,4
4260,"classify",3,1,1,1,0,0,1,0,"Lape","Tannet",1,1,3,7
4260,"classify",3,2,1,1,0,0,0,0,"Lape","Tannet",1,2,1,7
4260,"classify",3,3,1,1,0,1,0,1,"Lape","Tannet",1,2,6,7
4260,"classify",3,4,0,0,1,0,1,1,"Tannet","Lape",1,1,4,2
4260,"classify",3,5,0,0,1,1,1,0,"Tannet","Lape",1,3,7,2
4260,"classify",3,6,0,0,1,1,1,1,"Tannet","Lape",1,2,8,2
4260,"classify",3,7,1,1,0,0,0,1,"Lape","Tannet",1,3,2,7
4260,"classify",3,8,0,1,1,1,0,0,"Tannet","Tannet",0,3,5,4
4299,"classify",3,1,0,0,0,1,0,0,"Tannet","Lape",1,1,5,1
4299,"classify",3,2,1,1,0,0,0,1,"Lape","Tannet",1,3,2,7
4299,"classify",3,3,0,0,1,0,1,1,"Tannet","Lape",1,1,4,2
4299,"classify",3,4,0,1,1,1,1,0,"Tannet","Tannet",0,2,7,4
4299,"classify",3,5,1,1,1,1,0,1,"Lape","Tannet",1,1,6,8
4299,"classify",3,6,0,1,1,1,1,1,"Tannet","Tannet",0,1,8,4
4299,"classify",3,7,1,1,0,0,0,0,"Lape","Tannet",1,2,1,7
4299,"classify",3,8,1,1,0,0,1,0,"Lape","Tannet",1,1,3,7
4320,"classify",3,1,1,1,1,1,0,1,"Lape","Tannet",1,1,6,8
4320,"classify",3,2,1,1,1,0,1,0,"Lape","Tannet",1,2,3,8
4320,"classify",3,3,1,0,1,0,0,0,"Lape","Lape",0,2,1,6
4320,"classify",3,4,1,1,0,0,0,1,"Lape","Tannet",1,3,2,7
4320,"classify",3,5,1,0,0,0,1,1,"Tannet","Tannet",0,3,4,5
4320,"classify",3,6,1,0,0,1,1,0,"Tannet","Tannet",0,1,7,5
4320,"classify",3,7,1,1,0,1,0,0,"Tannet","Tannet",0,1,5,7
4320,"classify",3,8,0,0,1,1,1,1,"Tannet","Lape",1,2,8,2
4340,"classify",3,1,0,1,0,0,0,1,"Lape","Lape",0,2,2,3
4340,"classify",3,2,1,0,1,1,0,0,"Tannet","Lape",1,1,5,6
4340,"classify",3,3,1,0,0,0,0,0,"Lape","Tannet",1,1,1,5
4340,"classify",3,4,0,1,1,0,1,0,"Lape","Tannet",1,1,3,4
4340,"classify",3,5,0,0,1,1,0,1,"Lape","Lape",0,1,6,2
4340,"classify",3,6,0,1,0,0,1,1,"Tannet","Lape",1,1,4,3
4340,"classify",3,7,1,0,1,1,1,1,"Tannet","Lape",1,1,8,6
4340,"classify",3,8,0,1,0,1,1,0,"Tannet","Lape",1,1,7,3
4362,"classify",3,1,1,1,0,0,1,0,"Lape","Tannet",1,1,3,7
4362,"classify",3,2,0,1,0,0,1,1,"Tannet","Lape",1,1,4,3
4362,"classify",3,3,1,0,0,1,0,1,"Lape","Tannet",1,1,6,5
4362,"classify",3,4,1,0,0,0,0,0,"Lape","Tannet",1,1,1,5
4362,"classify",3,5,0,1,0,1,1,0,"Tannet","Lape",1,1,7,3
4362,"classify",3,6,0,0,0,1,0,0,"Tannet","Lape",1,1,5,1
4362,"classify",3,7,0,1,1,1,1,1,"Tannet","Tannet",0,1,8,4
4362,"classify",3,8,1,1,1,0,0,1,"Lape","Tannet",1,2,2,8
4410,"classify",3,1,0,1,0,1,1,0,"Tannet","Lape",1,1,7,3
4410,"classify",3,2,0,1,1,0,0,1,"Lape","Tannet",1,1,2,4
4410,"classify",3,3,1,0,1,1,0,0,"Tannet","Lape",1,1,5,6
4410,"classify",3,4,0,1,0,0,1,1,"Tannet","Lape",1,1,4,3
4410,"classify",3,5,1,0,0,1,0,1,"Lape","Tannet",1,1,6,5
4410,"classify",3,6,1,1,0,0,0,0,"Lape","Tannet",1,2,1,7
4410,"classify",3,7,0,1,1,0,1,0,"Lape","Tannet",1,1,3,4
4410,"classify",3,8,1,0,1,1,1,1,"Tannet","Lape",1,1,8,6
4510,"classify",3,1,0,0,1,1,0,0,"Tannet","Lape",1,2,5,2
4510,"classify",3,2,0,1,0,0,0,1,"Lape","Lape",0,2,2,3
4510,"classify",3,3,1,0,0,1,1,0,"Tannet","Tannet",0,1,7,5
4510,"classify",3,4,0,1,0,0,1,1,"Tannet","Lape",1,1,4,3
4510,"classify",3,5,1,0,1,0,1,0,"Lape","Lape",0,3,3,6
4510,"classify",3,6,1,1,0,0,0,0,"Lape","Tannet",1,2,1,7
4510,"classify",3,7,0,1,0,1,0,1,"Lape","Lape",0,3,6,3
4510,"classify",3,8,0,1,0,1,1,1,"Tannet","Lape",1,2,8,3
4515,"classify",3,1,1,1,0,0,1,0,"Lape","Tannet",1,1,3,7
4515,"classify",3,2,0,1,0,1,1,0,"Tannet","Lape",1,1,7,3
4515,"classify",3,3,0,0,1,0,1,1,"Tannet","Lape",1,1,4,2
4515,"classify",3,4,1,1,0,0,0,0,"Lape","Tannet",1,2,1,7
4515,"classify",3,5,1,1,1,0,0,1,"Lape","Tannet",1,2,2,8
4515,"classify",3,6,1,0,1,1,1,1,"Tannet","Lape",1,1,8,6
4515,"classify",3,7,0,1,0,1,0,0,"Tannet","Lape",1,2,5,3
4515,"classify",3,8,1,1,1,1,0,1,"Lape","Tannet",1,1,6,8
4222,"classify",4,1,0,0,1,0,0,0,"Lape","Lape",0,1,1,2
4222,"classify",4,2,1,0,1,1,1,1,"Tannet","Tannet",0,1,8,6
4222,"classify",4,3,0,1,0,1,1,0,"Tannet","Lape",1,1,7,3
4222,"classify",4,4,1,1,0,0,1,0,"Lape","Tannet",1,1,3,7
4222,"classify",4,5,0,0,0,0,0,1,"Lape","Lape",0,1,2,1
4222,"classify",4,6,1,1,0,1,0,0,"Lape","Tannet",1,1,5,7
4222,"classify",4,7,1,0,1,0,1,1,"Tannet","Tannet",0,2,4,6
4222,"classify",4,8,0,1,0,1,0,1,"Tannet","Lape",1,3,6,3
4227,"classify",4,1,1,1,1,0,0,0,"Lape","Tannet",1,3,1,8
4227,"classify",4,2,1,1,1,0,0,1,"Lape","Tannet",1,2,2,8
4227,"classify",4,3,1,1,1,0,1,0,"Lape","Tannet",1,2,3,8
4227,"classify",4,4,0,0,0,1,1,0,"Tannet","Lape",1,2,7,1
4227,"classify",4,5,0,0,0,1,1,1,"Tannet","Lape",1,3,8,1
4227,"classify",4,6,0,1,0,1,0,1,"Tannet","Lape",1,3,6,3
4227,"classify",4,7,0,0,0,0,1,1,"Tannet","Lape",1,2,4,1
4227,"classify",4,8,1,1,1,1,0,0,"Lape","Tannet",1,2,5,8
4234,"classify",4,1,0,0,0,0,1,0,"Lape","Lape",0,1,3,1
4234,"classify",4,2,1,1,0,1,1,1,"Tannet","Tannet",0,1,8,7
4234,"classify",4,3,0,1,1,1,0,0,"Lape","Tannet",1,3,5,4
4234,"classify",4,4,1,1,0,1,0,1,"Tannet","Tannet",0,2,6,7
4234,"classify",4,5,1,1,0,0,0,1,"Lape","Tannet",1,3,2,7
4234,"classify",4,6,0,1,1,1,1,0,"Tannet","Tannet",0,2,7,4
4234,"classify",4,7,1,1,0,0,0,0,"Lape","Tannet",1,2,1,7
4234,"classify",4,8,0,1,0,0,1,1,"Tannet","Lape",1,1,4,3
4243,"classify",4,1,0,0,0,1,0,1,"Tannet","Lape",1,2,6,1
4243,"classify",4,2,1,1,1,0,0,0,"Lape","Tannet",1,3,1,8
4243,"classify",4,3,0,1,0,0,1,1,"Tannet","Lape",1,1,4,3
4243,"classify",4,4,1,1,1,1,0,0,"Lape","Tannet",1,2,5,8
4243,"classify",4,5,0,1,0,1,1,1,"Tannet","Lape",1,2,8,3
4243,"classify",4,6,0,1,0,1,1,0,"Tannet","Lape",1,1,7,3
4243,"classify",4,7,1,1,1,0,0,1,"Lape","Tannet",1,2,2,8
4243,"classify",4,8,1,1,1,0,1,0,"Lape","Tannet",1,2,3,8
4257,"classify",4,1,0,1,0,1,1,1,"Tannet","Lape",1,2,8,3
4257,"classify",4,2,0,1,0,1,1,0,"Tannet","Lape",1,1,7,3
4257,"classify",4,3,1,0,0,0,0,0,"Lape","Lape",0,1,1,5
4257,"classify",4,4,0,0,0,0,0,1,"Lape","Lape",0,1,2,1
4257,"classify",4,5,0,0,1,1,0,1,"Tannet","Lape",1,1,6,2
4257,"classify",4,6,1,1,0,0,1,0,"Lape","Tannet",1,1,3,7
4257,"classify",4,7,0,0,1,0,1,1,"Tannet","Lape",1,1,4,2
4257,"classify",4,8,1,1,0,1,0,0,"Lape","Tannet",1,1,5,7
4268,"classify",4,1,1,1,0,0,1,0,"Lape","Tannet",1,1,3,7
4268,"classify",4,2,0,1,0,1,1,0,"Tannet","Lape",1,1,7,3
4268,"classify",4,3,1,0,1,1,0,0,"Lape","Tannet",1,1,5,6
4268,"classify",4,4,1,0,1,0,0,0,"Lape","Tannet",1,2,1,6
4268,"classify",4,5,1,0,1,0,0,1,"Lape","Tannet",1,1,2,6
4268,"classify",4,6,0,0,1,1,1,1,"Tannet","Lape",1,2,8,2
4268,"classify",4,7,0,0,1,1,0,1,"Tannet","Lape",1,1,6,2
4268,"classify",4,8,0,0,1,0,1,1,"Tannet","Lape",1,1,4,2
4304,"classify",4,1,1,1,1,1,0,0,"Lape","Tannet",1,2,5,8
4304,"classify",4,2,1,0,0,0,1,1,"Tannet","Lape",1,3,4,5
4304,"classify",4,3,1,1,1,0,0,1,"Lape","Tannet",1,2,2,8
4304,"classify",4,4,1,0,0,1,1,0,"Tannet","Lape",1,1,7,5
4304,"classify",4,5,0,1,0,1,0,1,"Tannet","Lape",1,3,6,3
4304,"classify",4,6,1,1,1,0,0,0,"Lape","Tannet",1,3,1,8
4304,"classify",4,7,1,1,1,0,1,0,"Lape","Tannet",1,2,3,8
4304,"classify",4,8,0,1,0,1,1,1,"Tannet","Lape",1,2,8,3
4309,"classify",4,1,0,1,0,1,0,0,"Lape","Lape",0,2,5,3
4309,"classify",4,2,1,1,1,1,1,0,"Tannet","Tannet",0,1,7,8
4309,"classify",4,3,0,0,0,0,0,1,"Lape","Lape",0,1,2,1
4309,"classify",4,4,0,0,0,1,0,1,"Tannet","Lape",1,2,6,1
4309,"classify",4,5,1,0,1,1,1,1,"Tannet","Tannet",0,1,8,6
4309,"classify",4,6,1,1,0,0,1,1,"Tannet","Tannet",0,2,4,7
4309,"classify",4,7,1,1,1,0,1,0,"Lape","Tannet",1,2,3,8
4309,"classify",4,8,0,0,1,0,0,0,"Lape","Lape",0,1,1,2
4326,"classify",4,1,1,0,0,1,1,1,"Tannet","Lape",1,2,8,5
4326,"classify",4,2,0,1,0,1,0,0,"Lape","Lape",0,2,5,3
4326,"classify",4,3,1,1,1,1,0,1,"Tannet","Tannet",0,1,6,8
4326,"classify",4,4,0,0,1,0,1,1,"Tannet","Lape",1,1,4,2
4326,"classify",4,5,1,0,0,0,0,0,"Lape","Lape",0,1,1,5
4326,"classify",4,6,0,0,1,0,1,0,"Lape","Lape",0,2,3,2
4326,"classify",4,7,1,0,0,1,1,0,"Tannet","Lape",1,1,7,5
4326,"classify",4,8,0,1,0,0,0,1,"Lape","Lape",0,2,2,3
4431,"classify",4,1,0,0,0,1,1,0,"Tannet","Lape",1,2,7,1
4431,"classify",4,2,0,0,0,1,1,1,"Tannet","Lape",1,3,8,1
4431,"classify",4,3,1,1,1,0,1,0,"Lape","Tannet",1,2,3,8
4431,"classify",4,4,1,1,1,0,0,0,"Lape","Tannet",1,3,1,8
4431,"classify",4,5,1,1,1,1,0,0,"Lape","Tannet",1,2,5,8
4431,"classify",4,6,1,1,1,0,0,1,"Lape","Tannet",1,2,2,8
4431,"classify",4,7,0,0,0,0,1,1,"Tannet","Lape",1,2,4,1
4431,"classify",4,8,0,0,0,1,0,1,"Tannet","Lape",1,2,6,1
4470,"classify",4,1,0,0,1,0,0,0,"Lape","Lape",0,1,1,2
4470,"classify",4,2,1,0,0,0,1,1,"Tannet","Lape",1,3,4,5
4470,"classify",4,3,0,1,0,1,1,1,"Tannet","Lape",1,2,8,3
4470,"classify",4,4,1,0,0,1,0,1,"Tannet","Lape",1,1,6,5
4470,"classify",4,5,1,1,0,1,0,0,"Lape","Tannet",1,1,5,7
4470,"classify",4,6,1,1,0,0,1,0,"Lape","Tannet",1,1,3,7
4470,"classify",4,7,0,1,0,1,1,0,"Tannet","Lape",1,1,7,3
4470,"classify",4,8,0,1,1,0,0,1,"Lape","Tannet",1,1,2,4
4489,"classify",4,1,1,0,0,0,0,0,"Lape","Lape",0,1,1,5
4489,"classify",4,2,0,0,0,0,1,1,"Tannet","Lape",1,2,4,1
4489,"classify",4,3,0,1,1,1,1,1,"Tannet","Tannet",0,1,8,4
4489,"classify",4,4,1,0,1,0,1,0,"Lape","Tannet",1,3,3,6
4489,"classify",4,5,0,0,0,1,1,0,"Tannet","Lape",1,2,7,1
4489,"classify",4,6,0,0,0,1,0,1,"Tannet","Lape",1,2,6,1
4489,"classify",4,7,1,0,1,1,0,0,"Lape","Tannet",1,1,5,6
4489,"classify",4,8,1,0,1,0,0,1,"Lape","Tannet",1,1,2,6
4501,"classify",4,1,0,0,1,1,0,1,"Tannet","Lape",1,1,6,2
4501,"classify",4,2,1,1,1,0,0,0,"Lape","Tannet",1,3,1,8
4501,"classify",4,3,0,0,1,0,1,1,"Tannet","Lape",1,1,4,2
4501,"classify",4,4,0,1,1,0,0,1,"Lape","Tannet",1,1,2,4
4501,"classify",4,5,0,1,0,1,1,0,"Tannet","Lape",1,1,7,3
4501,"classify",4,6,0,1,0,1,1,1,"Tannet","Lape",1,2,8,3
4501,"classify",4,7,1,1,0,1,0,0,"Lape","Tannet",1,1,5,7
4501,"classify",4,8,1,1,0,0,1,0,"Lape","Tannet",1,1,3,7
4536,"classify",4,1,1,1,1,0,1,0,"Lape","Tannet",1,2,3,8
4536,"classify",4,2,0,0,0,1,1,0,"Tannet","Lape",1,2,7,1
4536,"classify",4,3,1,1,1,0,0,1,"Lape","Tannet",1,2,2,8
4536,"classify",4,4,0,0,0,0,1,1,"Tannet","Lape",1,2,4,1
4536,"classify",4,5,1,0,0,1,1,1,"Tannet","Lape",1,2,8,5
4536,"classify",4,6,1,0,0,1,0,1,"Tannet","Lape",1,1,6,5
4536,"classify",4,7,1,1,1,0,0,0,"Lape","Tannet",1,3,1,8
4536,"classify",4,8,0,0,0,1,0,0,"Lape","Lape",0,1,5,1
4240,"switch",2,1,1,0,0,1,1,0,"Lape","Tannet",1,1,7,5
4240,"switch",2,2,0,0,1,1,0,1,"Tannet","Lape",1,1,6,2
4240,"switch",2,3,0,0,0,1,0,0,"Tannet","Lape",1,1,5,1
4240,"switch",2,4,0,0,0,0,1,0,"Tannet","Lape",1,1,3,1
4240,"switch",2,5,1,0,0,0,0,0,"Lape","Tannet",1,1,1,5
4240,"switch",2,6,1,1,0,1,1,1,"Lape","Lape",0,1,8,7
4240,"switch",2,7,0,1,0,0,1,1,"Tannet","Tannet",0,1,4,3
4240,"switch",2,8,1,0,0,0,0,1,"Lape","Tannet",1,2,2,5
4245,"switch",2,1,0,1,1,0,0,1,"Lape","Tannet",1,1,2,4
4245,"switch",2,2,1,1,0,0,1,0,"Tannet","Lape",1,1,3,7
4245,"switch",2,3,1,1,0,1,0,1,"Tannet","Lape",1,2,6,7
4245,"switch",2,4,1,1,0,0,1,1,"Tannet","Lape",1,2,4,7
4245,"switch",2,5,0,1,1,1,1,1,"Lape","Tannet",1,1,8,4
4245,"switch",2,6,0,1,1,1,1,0,"Lape","Tannet",1,2,7,4
4245,"switch",2,7,0,1,1,0,0,0,"Lape","Tannet",1,2,1,4
4245,"switch",2,8,1,1,0,1,0,0,"Tannet","Lape",1,1,5,7
4265,"switch",2,1,0,1,1,1,1,0,"Lape","Tannet",1,2,7,4
4265,"switch",2,2,1,1,0,1,0,0,"Tannet","Lape",1,1,5,7
4265,"switch",2,3,1,1,1,1,0,1,"Tannet","Lape",1,1,6,8
4265,"switch",2,4,1,0,0,0,0,1,"Lape","Tannet",1,2,2,5
4265,"switch",2,5,1,1,1,0,1,1,"Tannet","Lape",1,1,4,8
4265,"switch",2,6,0,1,0,1,1,1,"Lape","Tannet",1,2,8,3
4265,"switch",2,7,1,1,0,0,1,0,"Tannet","Lape",1,1,3,7
4265,"switch",2,8,1,0,1,0,0,0,"Lape","Tannet",1,2,1,6
4271,"switch",2,1,0,0,1,1,0,1,"Tannet","Lape",1,1,6,2
4271,"switch",2,2,0,0,0,0,1,0,"Tannet","Lape",1,1,3,1
4271,"switch",2,3,1,1,0,0,0,0,"Lape","Lape",0,2,1,7
4271,"switch",2,4,0,1,1,1,1,1,"Lape","Tannet",1,1,8,4
4271,"switch",2,5,1,0,1,0,0,1,"Lape","Tannet",1,1,2,6
4271,"switch",2,6,1,0,0,1,1,0,"Lape","Tannet",1,1,7,5
4271,"switch",2,7,0,0,1,0,1,1,"Tannet","Lape",1,1,4,2
4271,"switch",2,8,0,0,0,1,0,0,"Tannet","Lape",1,1,5,1
4314,"switch",2,1,1,1,0,1,0,0,"Tannet","Lape",1,1,5,7
4314,"switch",2,2,1,1,0,0,1,0,"Tannet","Lape",1,1,3,7
4314,"switch",2,3,0,1,0,1,1,0,"Lape","Tannet",1,1,7,3
4314,"switch",2,4,0,1,1,0,0,1,"Lape","Tannet",1,1,2,4
4314,"switch",2,5,1,1,1,0,1,1,"Tannet","Lape",1,1,4,8
4314,"switch",2,6,0,1,1,1,1,1,"Lape","Tannet",1,1,8,4
4314,"switch",2,7,1,1,1,1,0,1,"Tannet","Lape",1,1,6,8
4314,"switch",2,8,0,1,0,0,0,0,"Lape","Tannet",1,1,1,3
4418,"switch",2,1,0,1,0,0,0,1,"Lape","Tannet",1,2,2,3
4418,"switch",2,2,0,1,0,1,1,1,"Lape","Tannet",1,2,8,3
4418,"switch",2,3,0,1,0,0,0,0,"Lape","Tannet",1,1,1,3
4418,"switch",2,4,1,1,0,1,0,1,"Tannet","Lape",1,2,6,7
4418,"switch",2,5,1,1,0,0,1,0,"Tannet","Lape",1,1,3,7
4418,"switch",2,6,1,1,0,1,0,0,"Tannet","Lape",1,1,5,7
4418,"switch",2,7,0,1,0,1,1,0,"Lape","Tannet",1,1,7,3
4418,"switch",2,8,1,1,0,0,1,1,"Tannet","Lape",1,2,4,7
4426,"switch",2,1,0,0,1,1,0,0,"Tannet","Lape",1,2,5,2
4426,"switch",2,2,1,0,1,0,0,0,"Lape","Tannet",1,2,1,6
4426,"switch",2,3,0,1,1,0,0,1,"Lape","Tannet",1,1,2,4
4426,"switch",2,4,0,0,0,0,1,1,"Tannet","Lape",1,2,4,1
4426,"switch",2,5,1,1,1,0,1,0,"Tannet","Lape",1,2,3,8
4426,"switch",2,6,1,0,0,1,1,1,"Lape","Tannet",1,2,8,5
4426,"switch",2,7,0,1,0,1,1,0,"Lape","Tannet",1,1,7,3
4426,"switch",2,8,0,0,0,1,0,1,"Tannet","Lape",1,2,6,1
4443,"switch",2,1,1,0,1,1,0,0,"Tannet","Tannet",0,1,5,6
4443,"switch",2,2,0,1,0,0,0,0,"Lape","Tannet",1,1,1,3
4443,"switch",2,3,0,1,0,0,0,1,"Lape","Tannet",1,2,2,3
4443,"switch",2,4,0,0,1,1,0,1,"Tannet","Lape",1,1,6,2
4443,"switch",2,5,0,0,1,0,1,1,"Tannet","Lape",1,1,4,2
4443,"switch",2,6,0,1,0,1,1,0,"Lape","Tannet",1,1,7,3
4443,"switch",2,7,1,1,0,1,1,1,"Lape","Lape",0,1,8,7
4443,"switch",2,8,0,0,1,0,1,0,"Tannet","Lape",1,2,3,2
4499,"switch",2,1,0,0,1,1,0,1,"Tannet","Lape",1,1,6,2
4499,"switch",2,2,0,1,0,1,1,0,"Lape","Tannet",1,1,7,3
4499,"switch",2,3,0,1,0,1,1,1,"Lape","Tannet",1,2,8,3
4499,"switch",2,4,0,0,1,0,1,1,"Tannet","Lape",1,1,4,2
4499,"switch",2,5,0,1,0,0,0,0,"Lape","Tannet",1,1,1,3
4499,"switch",2,6,0,0,1,0,1,0,"Tannet","Lape",1,2,3,2
4499,"switch",2,7,0,1,0,0,0,1,"Lape","Tannet",1,2,2,3
4499,"switch",2,8,0,0,1,1,0,0,"Tannet","Lape",1,2,5,2
4229,"switch",3,1,1,1,1,0,0,1,"Lape","Tannet",1,2,2,8
4229,"switch",3,2,1,1,1,0,1,0,"Lape","Tannet",1,2,3,8
4229,"switch",3,3,1,1,1,1,0,0,"Tannet","Tannet",0,2,5,8
4229,"switch",3,4,1,0,1,0,1,1,"Tannet","Lape",1,2,4,6
4229,"switch",3,5,0,1,1,1,0,1,"Lape","Tannet",1,2,6,4
4229,"switch",3,6,0,1,1,1,1,0,"Tannet","Tannet",0,2,7,4
4229,"switch",3,7,1,0,1,0,0,0,"Lape","Lape",0,2,1,6
4229,"switch",3,8,0,0,1,1,1,1,"Tannet","Lape",1,2,8,2
4237,"switch",3,1,1,1,0,0,0,1,"Lape","Tannet",1,3,2,7
4237,"switch",3,2,0,0,1,1,0,0,"Tannet","Lape",1,2,5,2
4237,"switch",3,3,0,0,1,1,1,0,"Tannet","Lape",1,3,7,2
4237,"switch",3,4,1,1,0,1,0,1,"Lape","Tannet",1,2,6,7
4237,"switch",3,5,0,0,1,0,1,1,"Tannet","Lape",1,1,4,2
4237,"switch",3,6,1,1,0,0,1,0,"Lape","Tannet",1,1,3,7
4237,"switch",3,7,0,0,1,1,1,1,"Tannet","Lape",1,2,8,2
4237,"switch",3,8,1,1,0,0,0,0,"Lape","Tannet",1,2,1,7
4251,"switch",3,1,0,0,1,0,1,1,"Tannet","Lape",1,1,4,2
4251,"switch",3,2,1,1,0,0,1,0,"Lape","Tannet",1,1,3,7
4251,"switch",3,3,1,1,0,1,0,1,"Lape","Tannet",1,2,6,7
4251,"switch",3,4,0,0,0,1,1,1,"Tannet","Lape",1,3,8,1
4251,"switch",3,5,0,0,0,1,1,0,"Tannet","Lape",1,2,7,1
4251,"switch",3,6,0,0,0,1,0,0,"Tannet","Lape",1,1,5,1
4251,"switch",3,7,1,1,0,0,0,1,"Lape","Tannet",1,3,2,7
4251,"switch",3,8,1,1,0,0,0,0,"Lape","Tannet",1,2,1,7
4356,"switch",3,1,1,1,0,0,0,1,"Lape","Tannet",1,3,2,7
4356,"switch",3,2,0,0,0,1,1,1,"Tannet","Lape",1,3,8,1
4356,"switch",3,3,1,1,1,0,1,0,"Lape","Tannet",1,2,3,8
4356,"switch",3,4,0,0,0,0,1,1,"Tannet","Lape",1,2,4,1
4356,"switch",3,5,0,0,1,1,0,0,"Tannet","Lape",1,2,5,2
4356,"switch",3,6,1,1,1,0,0,0,"Lape","Tannet",1,3,1,8
4356,"switch",3,7,0,0,1,1,1,0,"Tannet","Lape",1,3,7,2
4356,"switch",3,8,1,1,0,1,0,1,"Lape","Tannet",1,2,6,7
4381,"switch",3,1,1,1,1,0,0,0,"Lape","Tannet",1,3,1,8
4381,"switch",3,2,0,0,0,0,1,1,"Tannet","Lape",1,2,4,1
4381,"switch",3,3,0,0,0,1,1,1,"Tannet","Lape",1,3,8,1
4381,"switch",3,4,0,0,0,1,0,0,"Tannet","Lape",1,1,5,1
4381,"switch",3,5,1,1,1,0,1,0,"Lape","Tannet",1,2,3,8
4381,"switch",3,6,1,1,1,0,0,1,"Lape","Tannet",1,2,2,8
4381,"switch",3,7,0,0,0,1,1,0,"Tannet","Lape",1,2,7,1
4381,"switch",3,8,1,1,1,1,0,1,"Lape","Tannet",1,1,6,8
4437,"switch",3,1,1,1,1,1,0,1,"Lape","Tannet",1,1,6,8
4437,"switch",3,2,1,1,0,0,1,0,"Lape","Tannet",1,1,3,7
4437,"switch",3,3,0,0,1,1,1,1,"Tannet","Lape",1,2,8,2
4437,"switch",3,4,1,1,1,0,0,1,"Lape","Tannet",1,2,2,8
4437,"switch",3,5,0,0,0,1,1,0,"Tannet","Lape",1,2,7,1
4437,"switch",3,6,1,1,0,0,0,0,"Lape","Tannet",1,2,1,7
4437,"switch",3,7,0,0,1,0,1,1,"Tannet","Lape",1,1,4,2
4437,"switch",3,8,0,0,0,1,0,0,"Tannet","Lape",1,1,5,1
4456,"switch",3,1,0,0,1,1,0,0,"Tannet","Lape",1,2,5,2
4456,"switch",3,2,1,1,0,0,0,1,"Lape","Tannet",1,3,2,7
4456,"switch",3,3,1,1,0,0,0,0,"Lape","Tannet",1,2,1,7
4456,"switch",3,4,1,1,0,0,1,0,"Lape","Tannet",1,1,3,7
4456,"switch",3,5,0,0,1,1,1,0,"Tannet","Lape",1,3,7,2
4456,"switch",3,6,0,0,1,1,1,1,"Tannet","Lape",1,2,8,2
4456,"switch",3,7,1,1,0,1,0,1,"Lape","Tannet",1,2,6,7
4456,"switch",3,8,0,0,1,0,1,1,"Tannet","Lape",1,1,4,2
4479,"switch",3,1,1,1,1,0,0,0,"Lape","Tannet",1,3,1,8
4479,"switch",3,2,0,1,0,1,0,1,"Lape","Lape",0,3,6,3
4479,"switch",3,3,0,0,0,1,1,0,"Tannet","Lape",1,2,7,1
4479,"switch",3,4,0,0,0,1,0,0,"Tannet","Lape",1,1,5,1
4479,"switch",3,5,1,1,1,0,0,1,"Lape","Tannet",1,2,2,8
4479,"switch",3,6,1,1,1,0,1,0,"Lape","Tannet",1,2,3,8
4479,"switch",3,7,0,0,0,1,1,1,"Tannet","Lape",1,3,8,1
4479,"switch",3,8,0,0,0,0,1,1,"Tannet","Lape",1,2,4,1
4287,"switch",4,1,1,0,1,0,0,0,"Lape","Tannet",1,2,1,6
4287,"switch",4,2,0,1,0,1,1,0,"Tannet","Lape",1,1,7,3
4287,"switch",4,3,0,1,0,1,0,1,"Tannet","Lape",1,3,6,3
4287,"switch",4,4,0,1,0,0,1,1,"Tannet","Lape",1,1,4,3
4287,"switch",4,5,1,0,1,0,0,1,"Lape","Tannet",1,1,2,6
4287,"switch",4,6,0,1,0,1,1,1,"Tannet","Lape",1,2,8,3
4287,"switch",4,7,1,0,1,0,1,0,"Lape","Tannet",1,3,3,6
4287,"switch",4,8,1,0,1,1,0,0,"Lape","Tannet",1,1,5,6
4331,"switch",4,1,1,0,1,0,0,0,"Lape","Tannet",1,2,1,6
4331,"switch",4,2,1,0,1,0,1,0,"Lape","Tannet",1,3,3,6
4331,"switch",4,3,0,1,0,1,1,1,"Tannet","Lape",1,2,8,3
4331,"switch",4,4,1,0,1,1,0,0,"Lape","Tannet",1,1,5,6
4331,"switch",4,5,0,1,0,0,1,1,"Tannet","Lape",1,1,4,3
4331,"switch",4,6,0,1,0,1,0,1,"Tannet","Lape",1,3,6,3
4331,"switch",4,7,0,1,0,1,1,0,"Tannet","Lape",1,1,7,3
4331,"switch",4,8,1,0,1,0,0,1,"Lape","Tannet",1,1,2,6
4372,"switch",4,1,1,0,1,1,0,0,"Lape","Tannet",1,1,5,6
4372,"switch",4,2,0,1,0,1,0,1,"Tannet","Lape",1,3,6,3
4372,"switch",4,3,0,1,0,1,1,0,"Tannet","Lape",1,1,7,3
4372,"switch",4,4,0,1,0,1,1,1,"Tannet","Lape",1,2,8,3
4372,"switch",4,5,1,0,1,0,1,0,"Lape","Tannet",1,3,3,6
4372,"switch",4,6,1,0,1,0,0,1,"Lape","Tannet",1,1,2,6
4372,"switch",4,7,1,0,1,0,0,0,"Lape","Tannet",1,2,1,6
4372,"switch",4,8,0,1,0,0,1,1,"Tannet","Lape",1,1,4,3
4405,"switch",4,1,1,0,0,0,1,1,"Tannet","Lape",1,3,4,5
4405,"switch",4,2,1,0,1,1,1,0,"Tannet","Tannet",0,2,7,6
4405,"switch",4,3,0,1,0,0,0,0,"Lape","Lape",0,1,1,3
4405,"switch",4,4,0,1,1,1,0,0,"Lape","Tannet",1,3,5,4
4405,"switch",4,5,0,1,1,0,1,0,"Lape","Tannet",1,1,3,4
4405,"switch",4,6,1,0,0,1,0,1,"Tannet","Lape",1,1,6,5
4405,"switch",4,7,0,1,1,0,0,1,"Lape","Tannet",1,1,2,4
4405,"switch",4,8,1,0,0,1,1,1,"Tannet","Lape",1,2,8,5
4462,"switch",4,1,0,1,0,1,1,1,"Tannet","Lape",1,2,8,3
4462,"switch",4,2,1,0,1,1,0,0,"Lape","Tannet",1,1,5,6
4462,"switch",4,3,0,1,0,1,1,0,"Tannet","Lape",1,1,7,3
4462,"switch",4,4,1,1,1,0,1,0,"Lape","Tannet",1,2,3,8
4462,"switch",4,5,0,0,0,1,0,1,"Tannet","Lape",1,2,6,1
4462,"switch",4,6,1,0,1,0,0,1,"Lape","Tannet",1,1,2,6
4462,"switch",4,7,0,1,0,0,1,1,"Tannet","Lape",1,1,4,3
4462,"switch",4,8,1,0,1,0,0,0,"Lape","Tannet",1,2,1,6
4520,"switch",4,1,0,0,0,0,1,1,"Tannet","Lape",1,2,4,1
4520,"switch",4,2,1,0,1,0,1,0,"Lape","Tannet",1,3,3,6
4520,"switch",4,3,1,1,1,1,0,0,"Lape","Tannet",1,2,5,8
4520,"switch",4,4,1,1,1,0,0,0,"Lape","Tannet",1,3,1,8
4520,"switch",4,5,1,1,1,0,0,1,"Lape","Tannet",1,2,2,8
4520,"switch",4,6,0,0,0,1,1,0,"Tannet","Lape",1,2,7,1
4520,"switch",4,7,0,1,0,1,0,1,"Tannet","Lape",1,3,6,3
4520,"switch",4,8,0,0,0,1,1,1,"Tannet","Lape",1,3,8,1
4531,"switch",4,1,0,0,0,0,1,1,"Tannet","Lape",1,2,4,1
4531,"switch",4,2,0,1,1,0,0,1,"Lape","Tannet",1,1,2,4
4531,"switch",4,3,1,0,0,1,1,1,"Tannet","Lape",1,2,8,5
4531,"switch",4,4,0,1,1,0,0,0,"Lape","Tannet",1,2,1,4
4531,"switch",4,5,1,0,0,1,0,1,"Tannet","Lape",1,1,6,5
4531,"switch",4,6,1,0,0,1,1,0,"Tannet","Lape",1,1,7,5
4531,"switch",4,7,0,1,1,0,1,0,"Lape","Tannet",1,1,3,4
4531,"switch",4,8,1,1,1,1,0,0,"Lape","Tannet",1,2,5,8
4223,"classify",3,1,1,1,0,1,0,0,"Tannet","Tannet",0,1,5,7
4223,"classify",3,2,0,0,1,1,0,1,"Lape","Lape",0,1,6,2
4223,"classify",3,3,1,0,0,0,0,0,"Lape","Tannet",1,1,1,5
4223,"classify",3,4,1,1,0,1,1,1,"Tannet","Tannet",0,1,8,7
4223,"classify",3,5,1,0,0,1,1,0,"Tannet","Tannet",0,1,7,5
4223,"classify",3,6,1,1,0,0,1,0,"Lape","Tannet",1,1,3,7
4223,"classify",3,7,1,0,1,0,0,1,"Lape","Lape",0,1,2,6
4223,"classify",3,8,0,0,1,0,1,1,"Tannet","Lape",1,1,4,2
4232,"classify",3,1,1,1,1,1,0,1,"Lape","Tannet",1,1,6,8
4232,"classify",3,2,0,0,0,1,0,0,"Tannet","Lape",1,1,5,1
4232,"classify",3,3,1,0,1,1,1,1,"Tannet","Lape",1,1,8,6
4232,"classify",3,4,0,0,0,1,1,0,"Tannet","Lape",1,2,7,1
4232,"classify",3,5,1,1,1,0,1,0,"Lape","Tannet",1,2,3,8
4232,"classify",3,6,0,0,0,0,1,1,"Tannet","Lape",1,2,4,1
4232,"classify",3,7,1,1,1,0,0,1,"Lape","Tannet",1,2,2,8
4232,"classify",3,8,1,1,0,0,0,0,"Lape","Tannet",1,2,1,7
4238,"classify",3,1,0,0,0,1,1,1,"Tannet","Lape",1,3,8,1
4238,"classify",3,2,1,1,1,0,0,1,"Lape","Tannet",1,2,2,8
4238,"classify",3,3,1,1,1,0,1,0,"Lape","Tannet",1,2,3,8
4238,"classify",3,4,1,1,1,0,0,0,"Lape","Tannet",1,3,1,8
4238,"classify",3,5,0,0,1,0,1,1,"Tannet","Lape",1,1,4,2
4238,"classify",3,6,1,1,1,1,0,1,"Lape","Tannet",1,1,6,8
4238,"classify",3,7,1,0,1,1,1,0,"Tannet","Lape",1,2,7,6
4238,"classify",3,8,1,0,1,1,0,0,"Tannet","Lape",1,1,5,6
4241,"classify",3,1,0,0,0,1,1,1,"Tannet","Lape",1,3,8,1
4241,"classify",3,2,1,0,0,1,0,1,"Lape","Tannet",1,1,6,5
4241,"classify",3,3,0,1,0,0,1,1,"Tannet","Lape",1,1,4,3
4241,"classify",3,4,0,0,0,0,1,0,"Lape","Lape",0,1,3,1
4241,"classify",3,5,0,1,0,0,0,0,"Lape","Lape",0,1,1,3
4241,"classify",3,6,1,0,1,1,0,0,"Tannet","Lape",1,1,5,6
4241,"classify",3,7,0,0,0,0,0,1,"Lape","Lape",0,1,2,1
4241,"classify",3,8,0,1,0,1,1,0,"Tannet","Lape",1,1,7,3
4252,"classify",3,1,0,1,0,0,1,1,"Tannet","Lape",1,1,4,3
4252,"classify",3,2,0,1,1,1,0,0,"Tannet","Tannet",0,3,5,4
4252,"classify",3,3,1,1,1,1,0,1,"Lape","Tannet",1,1,6,8
4252,"classify",3,4,0,1,0,1,1,1,"Tannet","Lape",1,2,8,3
4252,"classify",3,5,1,1,1,0,0,0,"Lape","Tannet",1,3,1,8
4252,"classify",3,6,1,1,1,0,1,0,"Lape","Tannet",1,2,3,8
4252,"classify",3,7,0,1,0,1,1,0,"Tannet","Lape",1,1,7,3
4252,"classify",3,8,1,0,0,0,0,1,"Lape","Tannet",1,2,2,5
4269,"classify",3,1,1,0,1,0,0,0,"Lape","Lape",0,2,1,6
4269,"classify",3,2,0,1,0,1,1,1,"Tannet","Lape",1,2,8,3
4269,"classify",3,3,1,1,0,0,0,1,"Lape","Tannet",1,3,2,7
4269,"classify",3,4,0,1,0,1,1,0,"Tannet","Lape",1,1,7,3
4269,"classify",3,5,0,0,1,1,0,0,"Tannet","Lape",1,2,5,2
4269,"classify",3,6,1,1,0,1,0,1,"Lape","Tannet",1,2,6,7
4269,"classify",3,7,1,1,0,0,1,0,"Lape","Tannet",1,1,3,7
4269,"classify",3,8,0,1,0,0,1,1,"Tannet","Lape",1,1,4,3
4282,"classify",3,1,1,0,1,1,0,0,"Tannet","Lape",1,1,5,6
4282,"classify",3,2,1,1,0,0,0,0,"Lape","Tannet",1,2,1,7
4282,"classify",3,3,1,1,0,0,0,1,"Lape","Tannet",1,3,2,7
4282,"classify",3,4,0,0,1,1,1,0,"Tannet","Lape",1,3,7,2
4282,"classify",3,5,1,1,0,1,0,1,"Lape","Tannet",1,2,6,7
4282,"classify",3,6,0,0,1,0,1,1,"Tannet","Lape",1,1,4,2
4282,"classify",3,7,1,1,0,0,1,0,"Lape","Tannet",1,1,3,7
4282,"classify",3,8,0,0,1,1,1,1,"Tannet","Lape",1,2,8,2
4347,"classify",3,1,0,0,0,1,0,1,"Lape","Lape",0,2,6,1
4347,"classify",3,2,1,1,1,0,0,0,"Lape","Tannet",1,3,1,8
4347,"classify",3,3,1,1,1,0,0,1,"Lape","Tannet",1,2,2,8
4347,"classify",3,4,0,0,0,1,1,1,"Tannet","Lape",1,3,8,1
4347,"classify",3,5,1,1,1,0,1,0,"Lape","Tannet",1,2,3,8
4347,"classify",3,6,0,0,0,1,0,0,"Tannet","Lape",1,1,5,1
4347,"classify",3,7,0,0,0,0,1,1,"Tannet","Lape",1,2,4,1
4347,"classify",3,8,0,0,0,1,1,0,"Tannet","Lape",1,2,7,1
4387,"classify",3,1,0,0,0,1,0,0,"Tannet","Lape",1,1,5,1
4387,"classify",3,2,1,1,1,1,0,1,"Lape","Tannet",1,1,6,8
4387,"classify",3,3,0,0,0,1,1,1,"Tannet","Lape",1,3,8,1
4387,"classify",3,4,1,1,1,0,0,0,"Lape","Tannet",1,3,1,8
4387,"classify",3,5,0,0,0,1,1,0,"Tannet","Lape",1,2,7,1
4387,"classify",3,6,1,1,1,0,1,0,"Lape","Tannet",1,2,3,8
4387,"classify",3,7,0,0,0,0,1,1,"Tannet","Lape",1,2,4,1
4387,"classify",3,8,1,1,1,0,0,1,"Lape","Tannet",1,2,2,8
4438,"classify",3,1,1,1,1,1,0,1,"Lape","Tannet",1,1,6,8
4438,"classify",3,2,1,1,1,0,0,1,"Lape","Tannet",1,2,2,8
4438,"classify",3,3,1,1,1,0,1,0,"Lape","Tannet",1,2,3,8
4438,"classify",3,4,0,0,1,1,1,1,"Tannet","Lape",1,2,8,2
4438,"classify",3,5,1,1,1,0,0,0,"Lape","Tannet",1,3,1,8
4438,"classify",3,6,0,0,0,1,1,0,"Tannet","Lape",1,2,7,1
4438,"classify",3,7,0,0,0,1,0,0,"Tannet","Lape",1,1,5,1
4438,"classify",3,8,0,0,1,0,1,1,"Tannet","Lape",1,1,4,2
4496,"classify",3,1,1,1,1,0,1,0,"Lape","Tannet",1,2,3,8
4496,"classify",3,2,1,1,1,0,0,0,"Lape","Tannet",1,3,1,8
4496,"classify",3,3,1,1,1,1,0,1,"Lape","Tannet",1,1,6,8
4496,"classify",3,4,0,1,0,1,1,1,"Tannet","Lape",1,2,8,3
4496,"classify",3,5,0,0,0,0,1,1,"Tannet","Lape",1,2,4,1
4496,"classify",3,6,0,0,0,1,0,0,"Tannet","Lape",1,1,5,1
4496,"classify",3,7,1,1,1,0,0,1,"Lape","Tannet",1,2,2,8
4496,"classify",3,8,0,0,0,1,1,0,"Tannet","Lape",1,2,7,1
4249,"classify",4,1,1,1,0,1,0,1,"Tannet","Tannet",0,2,6,7
4249,"classify",4,2,0,1,1,1,1,0,"Tannet","Tannet",0,2,7,4
4249,"classify",4,3,1,0,0,0,1,0,"Lape","Lape",0,2,3,5
4249,"classify",4,4,1,0,1,0,0,0,"Lape","Tannet",1,2,1,6
4249,"classify",4,5,0,1,0,0,1,1,"Tannet","Lape",1,1,4,3
4249,"classify",4,6,1,0,0,1,1,1,"Tannet","Lape",1,2,8,5
4249,"classify",4,7,1,0,1,1,0,0,"Lape","Tannet",1,1,5,6
4249,"classify",4,8,0,1,1,0,0,1,"Lape","Tannet",1,1,2,4
4263,"classify",4,1,1,1,1,1,0,0,"Lape","Tannet",1,2,5,8
4263,"classify",4,2,1,1,1,0,1,0,"Lape","Tannet",1,2,3,8
4263,"classify",4,3,0,0,1,1,0,1,"Tannet","Lape",1,1,6,2
4263,"classify",4,4,0,1,0,1,1,1,"Tannet","Lape",1,2,8,3
4263,"classify",4,5,0,1,0,0,1,1,"Tannet","Lape",1,1,4,3
4263,"classify",4,6,1,0,1,0,0,0,"Lape","Tannet",1,2,1,6
4263,"classify",4,7,1,0,0,0,0,1,"Lape","Lape",0,2,2,5
4263,"classify",4,8,0,0,0,1,1,0,"Tannet","Lape",1,2,7,1
4357,"classify",4,1,1,1,0,1,0,0,"Lape","Tannet",1,1,5,7
4357,"classify",4,2,1,0,0,0,1,0,"Lape","Lape",0,2,3,5
4357,"classify",4,3,0,0,0,1,0,1,"Tannet","Lape",1,2,6,1
4357,"classify",4,4,0,0,0,1,1,0,"Tannet","Lape",1,2,7,1
4357,"classify",4,5,1,1,1,0,0,0,"Lape","Tannet",1,3,1,8
4357,"classify",4,6,1,0,1,0,1,1,"Tannet","Tannet",0,2,4,6
4357,"classify",4,7,0,1,1,0,0,1,"Lape","Tannet",1,1,2,4
4357,"classify",4,8,0,0,0,1,1,1,"Tannet","Lape",1,3,8,1
4367,"classify",4,1,0,0,0,0,1,1,"Tannet","Lape",1,2,4,1
4367,"classify",4,2,0,1,1,1,1,1,"Tannet","Tannet",0,1,8,4
4367,"classify",4,3,1,0,0,0,0,0,"Lape","Lape",0,1,1,5
4367,"classify",4,4,1,1,0,0,1,0,"Lape","Tannet",1,1,3,7
4367,"classify",4,5,0,1,0,1,1,0,"Tannet","Lape",1,1,7,3
4367,"classify",4,6,1,1,1,0,0,1,"Lape","Tannet",1,2,2,8
4367,"classify",4,7,0,0,1,1,0,1,"Tannet","Lape",1,1,6,2
4367,"classify",4,8,0,0,1,1,0,0,"Lape","Lape",0,2,5,2
4382,"classify",4,1,0,1,0,1,1,1,"Tannet","Lape",1,2,8,3
4382,"classify",4,2,1,0,1,1,0,0,"Lape","Tannet",1,1,5,6
4382,"classify",4,3,1,0,0,0,0,0,"Lape","Lape",0,1,1,5
4382,"classify",4,4,0,0,0,0,1,1,"Tannet","Lape",1,2,4,1
4382,"classify",4,5,1,1,0,0,0,1,"Lape","Tannet",1,3,2,7
4382,"classify",4,6,1,0,0,0,1,0,"Lape","Lape",0,2,3,5
4382,"classify",4,7,0,1,1,1,0,1,"Tannet","Tannet",0,2,6,4
4382,"classify",4,8,1,1,1,1,1,0,"Tannet","Tannet",0,1,7,8
4406,"classify",4,1,1,1,0,0,0,0,"Lape","Tannet",1,2,1,7
4406,"classify",4,2,0,1,1,1,0,1,"Tannet","Tannet",0,2,6,4
4406,"classify",4,3,0,1,1,1,1,0,"Tannet","Tannet",0,2,7,4
4406,"classify",4,4,1,1,0,0,1,1,"Tannet","Tannet",0,2,4,7
4406,"classify",4,5,0,0,1,0,1,0,"Lape","Lape",0,2,3,2
4406,"classify",4,6,0,1,0,1,0,0,"Lape","Lape",0,2,5,3
4406,"classify",4,7,1,0,0,0,0,1,"Lape","Lape",0,2,2,5
4406,"classify",4,8,0,1,0,1,1,1,"Tannet","Lape",1,2,8,3
4411,"classify",4,1,0,1,0,0,1,1,"Tannet","Lape",1,1,4,3
4411,"classify",4,2,1,0,1,0,0,1,"Lape","Tannet",1,1,2,6
4411,"classify",4,3,1,0,0,0,0,0,"Lape","Lape",0,1,1,5
4411,"classify",4,4,0,1,0,1,1,1,"Tannet","Lape",1,2,8,3
4411,"classify",4,5,0,0,1,1,0,1,"Tannet","Lape",1,1,6,2
4411,"classify",4,6,0,1,0,1,1,0,"Tannet","Lape",1,1,7,3
4411,"classify",4,7,0,0,0,0,1,0,"Lape","Lape",0,1,3,1
4411,"classify",4,8,1,0,1,1,0,0,"Lape","Tannet",1,1,5,6
4295,"switch",2,1,1,0,0,1,1,0,"Lape","Tannet",1,1,7,5
4295,"switch",2,2,0,0,0,0,1,0,"Tannet","Lape",1,1,3,1
4295,"switch",2,3,0,0,1,1,0,0,"Tannet","Lape",1,2,5,2
4295,"switch",2,4,0,0,1,1,0,1,"Tannet","Lape",1,1,6,2
4295,"switch",2,5,0,0,1,0,1,1,"Tannet","Lape",1,1,4,2
4295,"switch",2,6,1,0,0,0,0,0,"Lape","Tannet",1,1,1,5
4295,"switch",2,7,1,0,0,1,1,1,"Lape","Tannet",1,2,8,5
4295,"switch",2,8,1,0,0,0,0,1,"Lape","Tannet",1,2,2,5
4373,"switch",2,1,1,1,1,1,0,0,"Tannet","Lape",1,2,5,8
4373,"switch",2,2,1,1,0,1,0,1,"Tannet","Lape",1,2,6,7
4373,"switch",2,3,0,1,1,0,1,0,"Tannet","Tannet",0,1,3,4
4373,"switch",2,4,1,0,0,0,0,1,"Lape","Tannet",1,2,2,5
4373,"switch",2,5,0,0,0,1,1,0,"Lape","Lape",0,2,7,1
4373,"switch",2,6,0,0,1,0,0,0,"Lape","Lape",0,1,1,2
4373,"switch",2,7,0,0,0,0,1,1,"Tannet","Lape",1,2,4,1
4373,"switch",2,8,0,0,1,1,1,1,"Lape","Lape",0,2,8,2
4457,"switch",2,1,1,1,1,0,1,1,"Tannet","Lape",1,1,4,8
4457,"switch",2,2,1,1,1,1,0,1,"Tannet","Lape",1,1,6,8
4457,"switch",2,3,1,0,1,0,0,1,"Lape","Tannet",1,1,2,6
4457,"switch",2,4,1,1,0,1,0,0,"Tannet","Lape",1,1,5,7
4457,"switch",2,5,1,0,0,0,0,0,"Lape","Tannet",1,1,1,5
4457,"switch",2,6,1,0,0,1,1,0,"Lape","Tannet",1,1,7,5
4457,"switch",2,7,1,0,1,1,1,1,"Lape","Tannet",1,1,8,6
4457,"switch",2,8,1,1,0,0,1,0,"Tannet","Lape",1,1,3,7
4235,"switch",3,1,1,1,1,0,0,1,"Lape","Tannet",1,2,2,8
4235,"switch",3,2,0,0,1,0,1,1,"Tannet","Lape",1,1,4,2
4235,"switch",3,3,1,1,1,1,0,1,"Lape","Tannet",1,1,6,8
4235,"switch",3,4,0,0,1,1,1,0,"Tannet","Lape",1,3,7,2
4235,"switch",3,5,0,1,1,1,0,0,"Tannet","Tannet",0,3,5,4
4235,"switch",3,6,1,1,0,0,1,0,"Lape","Tannet",1,1,3,7
4235,"switch",3,7,1,1,0,0,0,0,"Lape","Tannet",1,2,1,7
4235,"switch",3,8,0,0,1,1,1,1,"Tannet","Lape",1,2,8,2
4246,"switch",3,1,0,1,0,0,0,1,"Lape","Lape",0,2,2,3
4246,"switch",3,2,0,0,0,0,1,1,"Tannet","Lape",1,2,4,1
4246,"switch",3,3,0,1,0,1,1,0,"Tannet","Lape",1,1,7,3
4246,"switch",3,4,0,0,0,1,0,0,"Tannet","Lape",1,1,5,1
4246,"switch",3,5,0,1,0,1,1,1,"Tannet","Lape",1,2,8,3
4246,"switch",3,6,1,1,1,1,0,1,"Lape","Tannet",1,1,6,8
4246,"switch",3,7,1,1,1,0,1,0,"Lape","Tannet",1,2,3,8
4246,"switch",3,8,0,1,1,0,0,0,"Lape","Tannet",1,2,1,4
4258,"switch",3,1,1,1,1,0,0,0,"Lape","Tannet",1,3,1,8
4258,"switch",3,2,1,1,1,0,1,0,"Lape","Tannet",1,2,3,8
4258,"switch",3,3,0,0,0,1,1,0,"Tannet","Lape",1,2,7,1
4258,"switch",3,4,0,0,0,1,0,0,"Tannet","Lape",1,1,5,1
4258,"switch",3,5,1,1,1,0,0,1,"Lape","Tannet",1,2,2,8
4258,"switch",3,6,0,0,0,0,1,1,"Tannet","Lape",1,2,4,1
4258,"switch",3,7,1,1,1,1,0,1,"Lape","Tannet",1,1,6,8
4258,"switch",3,8,0,0,0,1,1,1,"Tannet","Lape",1,3,8,1
4266,"switch",3,1,1,0,1,1,0,0,"Tannet","Lape",1,1,5,6
4266,"switch",3,2,0,1,1,1,0,1,"Lape","Tannet",1,2,6,4
4266,"switch",3,3,0,1,1,0,0,1,"Lape","Tannet",1,1,2,4
4266,"switch",3,4,1,0,0,1,1,0,"Tannet","Tannet",0,1,7,5
4266,"switch",3,5,0,1,1,0,0,0,"Lape","Tannet",1,2,1,4
4266,"switch",3,6,1,0,0,1,1,1,"Tannet","Tannet",0,2,8,5
4266,"switch",3,7,1,0,0,0,1,1,"Tannet","Tannet",0,3,4,5
4266,"switch",3,8,0,1,1,0,1,0,"Lape","Tannet",1,1,3,4
4310,"switch",3,1,1,0,0,1,0,1,"Lape","Tannet",1,1,6,5
4310,"switch",3,2,0,1,0,1,1,1,"Tannet","Lape",1,2,8,3
4310,"switch",3,3,0,1,0,1,0,0,"Tannet","Lape",1,2,5,3
4310,"switch",3,4,1,0,0,0,0,0,"Lape","Tannet",1,1,1,5
4310,"switch",3,5,0,1,0,1,1,0,"Tannet","Lape",1,1,7,3
4310,"switch",3,6,1,0,0,0,0,1,"Lape","Tannet",1,2,2,5
4310,"switch",3,7,1,0,0,0,1,0,"Lape","Tannet",1,2,3,5
4310,"switch",3,8,0,1,0,0,1,1,"Tannet","Lape",1,1,4,3
4321,"switch",3,1,0,0,0,0,1,1,"Tannet","Lape",1,2,4,1
4321,"switch",3,2,1,1,1,1,0,1,"Lape","Tannet",1,1,6,8
4321,"switch",3,3,1,1,1,0,0,1,"Lape","Tannet",1,2,2,8
4321,"switch",3,4,1,1,1,0,0,0,"Lape","Tannet",1,3,1,8
4321,"switch",3,5,0,0,0,1,1,0,"Tannet","Lape",1,2,7,1
4321,"switch",3,6,1,1,1,0,1,0,"Lape","Tannet",1,2,3,8
4321,"switch",3,7,0,0,0,1,1,1,"Tannet","Lape",1,3,8,1
4321,"switch",3,8,0,0,0,1,0,0,"Tannet","Lape",1,1,5,1
4332,"switch",3,1,0,0,1,1,0,0,"Tannet","Lape",1,2,5,2
4332,"switch",3,2,0,0,1,0,1,1,"Tannet","Lape",1,1,4,2
4332,"switch",3,3,0,0,1,1,1,0,"Tannet","Lape",1,3,7,2
4332,"switch",3,4,1,1,0,0,0,1,"Lape","Tannet",1,3,2,7
4332,"switch",3,5,1,1,0,0,0,0,"Lape","Tannet",1,2,1,7
4332,"switch",3,6,1,1,0,1,0,1,"Lape","Tannet",1,2,6,7
4332,"switch",3,7,0,0,1,1,1,1,"Tannet","Lape",1,2,8,2
4332,"switch",3,8,1,1,0,0,1,0,"Lape","Tannet",1,1,3,7
4432,"switch",3,1,1,0,0,0,0,0,"Lape","Tannet",1,1,1,5
4432,"switch",3,2,1,0,0,1,0,1,"Lape","Tannet",1,1,6,5
4432,"switch",3,3,1,0,0,0,1,0,"Lape","Tannet",1,2,3,5
4432,"switch",3,4,0,1,0,1,0,0,"Tannet","Lape",1,2,5,3
4432,"switch",3,5,1,0,0,0,0,1,"Lape","Tannet",1,2,2,5
4432,"switch",3,6,0,1,0,1,1,0,"Tannet","Lape",1,1,7,3
4432,"switch",3,7,0,1,0,1,1,1,"Tannet","Lape",1,2,8,3
4432,"switch",3,8,0,1,0,0,1,1,"Tannet","Lape",1,1,4,3
4255,"switch",4,1,1,0,0,1,1,1,"Tannet","Lape",1,2,8,5
4255,"switch",4,2,0,1,1,0,0,1,"Lape","Tannet",1,1,2,4
4255,"switch",4,3,0,1,1,1,0,0,"Lape","Tannet",1,3,5,4
4255,"switch",4,4,1,0,0,0,1,1,"Tannet","Lape",1,3,4,5
4255,"switch",4,5,1,0,0,1,1,0,"Tannet","Lape",1,1,7,5
4255,"switch",4,6,1,0,0,1,0,1,"Tannet","Lape",1,1,6,5
4255,"switch",4,7,0,1,1,0,1,0,"Lape","Tannet",1,1,3,4
4255,"switch",4,8,0,1,0,0,0,0,"Lape","Lape",0,1,1,3
4315,"switch",4,1,1,0,1,1,0,0,"Lape","Tannet",1,1,5,6
4315,"switch",4,2,1,0,1,0,0,0,"Lape","Tannet",1,2,1,6
4315,"switch",4,3,0,1,0,1,0,1,"Tannet","Lape",1,3,6,3
4315,"switch",4,4,1,1,0,0,1,0,"Lape","Tannet",1,1,3,7
4315,"switch",4,5,0,1,0,0,1,1,"Tannet","Lape",1,1,4,3
4315,"switch",4,6,1,0,1,0,0,1,"Lape","Tannet",1,1,2,6
4315,"switch",4,7,0,1,0,1,1,1,"Tannet","Lape",1,2,8,3
4315,"switch",4,8,0,1,0,1,1,0,"Tannet","Lape",1,1,7,3
4341,"switch",4,1,1,0,1,1,0,0,"Lape","Tannet",1,1,5,6
4341,"switch",4,2,1,1,1,0,0,1,"Lape","Tannet",1,2,2,8
4341,"switch",4,3,1,1,1,0,1,0,"Lape","Tannet",1,2,3,8
4341,"switch",4,4,1,1,1,0,0,0,"Lape","Tannet",1,3,1,8
4341,"switch",4,5,0,0,0,1,0,1,"Tannet","Lape",1,2,6,1
4341,"switch",4,6,0,0,0,1,1,0,"Tannet","Lape",1,2,7,1
4341,"switch",4,7,0,1,0,0,1,1,"Tannet","Lape",1,1,4,3
4341,"switch",4,8,0,1,0,1,1,1,"Tannet","Lape",1,2,8,3
4451,"switch",4,1,0,0,0,0,1,1,"Tannet","Lape",1,2,4,1
4451,"switch",4,2,0,1,1,0,0,1,"Lape","Tannet",1,1,2,4
4451,"switch",4,3,0,1,1,0,0,0,"Lape","Tannet",1,2,1,4
4451,"switch",4,4,1,0,0,1,1,1,"Tannet","Lape",1,2,8,5
4451,"switch",4,5,1,0,0,1,1,0,"Tannet","Lape",1,1,7,5
4451,"switch",4,6,1,1,1,1,0,0,"Lape","Tannet",1,2,5,8
4451,"switch",4,7,0,1,1,0,1,0,"Lape","Tannet",1,1,3,4
4451,"switch",4,8,1,0,0,1,0,1,"Tannet","Lape",1,1,6,5
4480,"switch",4,1,0,0,0,0,0,1,"Lape","Lape",0,1,2,1
4480,"switch",4,2,0,0,1,1,0,1,"Tannet","Lape",1,1,6,2
4480,"switch",4,3,0,0,1,0,1,1,"Tannet","Lape",1,1,4,2
4480,"switch",4,4,1,1,0,0,1,0,"Lape","Tannet",1,1,3,7
4480,"switch",4,5,1,1,1,0,0,0,"Lape","Tannet",1,3,1,8
4480,"switch",4,6,1,1,0,1,0,0,"Lape","Tannet",1,1,5,7
4480,"switch",4,7,0,0,1,1,1,0,"Tannet","Lape",1,3,7,2
4480,"switch",4,8,0,0,1,1,1,1,"Tannet","Lape",1,2,8,2
4490,"switch",4,1,1,1,0,0,1,0,"Lape","Tannet",1,1,3,7
4490,"switch",4,2,0,0,1,1,0,1,"Tannet","Lape",1,1,6,2
4490,"switch",4,3,0,0,1,1,1,1,"Tannet","Lape",1,2,8,2
4490,"switch",4,4,1,1,0,1,0,0,"Lape","Tannet",1,1,5,7
4490,"switch",4,5,1,1,0,0,0,0,"Lape","Tannet",1,2,1,7
4490,"switch",4,6,0,0,0,0,1,1,"Tannet","Lape",1,2,4,1
4490,"switch",4,7,1,1,0,0,0,1,"Lape","Tannet",1,3,2,7
4490,"switch",4,8,0,0,0,1,1,0,"Tannet","Lape",1,2,7,1
